ID,Geogname,Gender,Age,All Cancers,Head and Neck,Lip,Tongue,"Mouth, Other",Pharynx and Tonsil,Paranasal Sinuses,Larynx,Gastro - Intestinal,Esophagus,Stomach,Small Bowel,Colon and Rectum,Liver and Biliary Tract,Pancreas,Peritoneum and GI Unspecified,Respiratory,"Lung,Trachea and Bronchus","Mediastinum, Pleura",Breast,Breast2,Skin and Melanoma,Melanoma of Skin,Other Skin,Gynecological,Cervix,Body of Uterus,Ovary,Other Female Genital,Genito - Urinary,Testis,Penis and Male Genital Unspecified,Bladder,"Kidney, Ureter and Other Urinary",Lymphomas,Non-Hodgkin's Lymphoma,Hodgkin's Lymphoma,Hematologic,Multiple Myeloma,Leukemia,Miscellaneous Proliferative,Other,Eye and Lacrimal Gland,Brain,"Meninges, Spinal Cord and other CNS",Thyroid,Other Endocrine,Bone and Connective Tissue,Other and Ill Defined Sites,Unknown Primary,Prostate
1,Shelburne County,Female,0 - 19,10.1,0,0,0,0,0,0,0,0,0,0,0,0,0,0,0,0,0,0,0,0,0,0,0,0,0,0,0,0,0,0,0,0,0,0,0,0,0,0,0,0,10.1,0,0,0,0,0,0,0,0,0
2,Shelburne County,Female,20 - 34,39.5,0,0,0,0,0,0,0,0,0,0,0,0,0,0,0,0,0,0,13.2,0,0,0,0,0,0,0,0,0,0,0,0,0,0,0,0,0,0,0,0,0,26.4,0,0,0,0,0,0,0,0,0
3,Shelburne County,Female,35 - 64,374.9,7.8,0,0,0,0,0,0,23.4,0,0,0,0,0,0,0,23.4,0,0,101.5,0,7.8,0,0,93.7,0,0,0,0,54.7,0,0,0,0,7.8,0,0,7.8,0,0,0,46.9,0,0,0,0,0,0,0,0,0
4,Shelburne County,Female,65 -74,1074,0,0,0,0,0,0,0,167.1,0,0,0,0,0,0,0,95.5,0,0,405.7,0,23.9,0,0,167.1,0,0,0,0,0,0,0,0,0,71.6,0,0,47.7,0,0,0,95.5,0,0,0,0,0,0,0,0,0
5,Shelburne County,Female,75 +,1876.8,14.3,0,0,0,0,0,0,573.1,0,0,0,0,0,0,0,243.6,0,0,530.1,0,0,0,0,143.3,0,0,0,0,100.3,0,0,0,0,100.3,0,0,86,0,0,0,86,0,0,0,0,0,0,0,0,0
6,Shelburne County,Female,Total,407.4,2.9,0,0,0,0,0,0,79.7,0,0,0,0,0,0,0,43.4,0,0,121.6,0,3.9,0,0,55.9,0,0,0,0,23.8,0,0,0,0,19.8,0,0,14.6,0,0,0,41.8,0,0,0,0,0,0,0,0,0
7,Shelburne County,Male,0 - 19,9.7,0,0,0,0,0,0,0,0,0,0,0,0,0,0,0,0,0,0,0,0,0,0,0,0,0,0,0,0,9.7,0,0,0,0,0,0,0,0,0,0,0,0,0,0,0,0,0,0,0,0,0
8,Shelburne County,Male,20 - 34,37.1,0,0,0,0,0,0,0,0,0,0,0,0,0,0,0,0,0,0,0,0,0,0,0,0,0,0,0,0,24.7,0,0,0,0,0,0,0,0,0,0,0,12.4,0,0,0,0,0,0,0,0,0
9,Shelburne County,Male,35 - 64,178.8,7.5,0,0,0,0,0,0,37.3,0,0,0,0,0,0,0,44.7,0,0,0,0,14.9,0,0,0,0,0,0,0,44.7,0,0,0,0,0,0,0,7.5,0,0,0,22.4,0,0,0,0,0,0,0,0,0
10,Shelburne County,Male,65 -74,1404.7,66.9,0,0,0,0,0,0,289.9,0,0,0,0,0,0,0,379,0,0,0,0,22.3,0,0,0,0,0,0,0,445.9,0,0,0,0,44.6,0,0,22.3,0,0,0,133.8,0,0,0,0,0,0,0,0,0
11,Shelburne County,Male,75 +,2698.3,54.7,0,0,0,0,0,0,692.8,0,0,0,0,0,0,0,474,0,0,0,0,36.5,0,0,0,0,0,0,0,1166.8,0,0,0,0,36.5,0,0,109.4,0,0,0,127.6,0,0,0,0,0,0,0,0,0
12,Shelburne County,Male,Total,477.1,13.7,0,0,0,0,0,0,110.7,0,0,0,0,0,0,0,97.2,0,0,0,0,9.9,0,0,0,0,0,0,0,188.2,0,0,0,0,7.9,0,0,15.4,0,0,0,34.2,0,0,0,0,0,0,0,0,0
13,Shelburne County,Total,0 - 19,9.9,0,0,0,0,0,0,0,0,0,0,0,0,0,0,0,0,0,0,0,0,0,0,0,0,0,0,0,0,4.9,0,0,0,0,0,0,0,0,0,0,0,4.9,0,0,0,0,0,0,0,0,0
14,Shelburne County,Total,20 - 34,38.3,0,0,0,0,0,0,0,0,0,0,0,0,0,0,0,0,0,0,6.4,0,0,0,0,0,0,0,0,0,12.8,0,0,0,0,0,0,0,0,0,0,0,19.1,0,0,0,0,0,0,0,0,0
15,Shelburne County,Total,35 - 64,274.5,7.6,0,0,0,0,0,0,30.5,0,0,0,0,0,0,0,34.3,0,0,49.6,0,11.4,0,0,45.8,0,0,0,0,49.6,0,0,0,0,3.8,0,0,7.6,0,0,0,34.3,0,0,0,0,0,0,0,0,0
16,Shelburne County,Total,65 -74,1245,34.6,0,0,0,0,0,0,230.5,0,0,0,0,0,0,0,242.1,0,0,196,0,23.1,0,0,80.7,0,0,0,0,230.5,0,0,0,0,57.6,0,0,34.6,0,0,0,115.3,0,0,0,0,0,0,0,0,0
17,Shelburne County,Total,75 +,2238.3,32.1,0,0,0,0,0,0,625.8,0,0,0,0,0,0,0,345,0,0,296.8,0,16,0,0,80.2,0,0,0,0,569.6,0,0,0,0,72.2,0,0,96.3,0,0,0,104.3,0,0,0,0,0,0,0,0,0
18,Shelburne County,Total,Total,437.3,8.5,0,0,0,0,0,0,95.3,0,0,0,0,0,0,0,69.8,0,0,63.3,0,6.7,0,0,28.1,0,0,0,0,99.3,0,0,0,0,14.2,0,0,14.7,0,0,0,37.5,0,0,0,0,0,0,0,0,0
19,Yarmouth County,Female,20 - 34,32.2,0,0,0,0,0,0,0,0,0,0,0,0,0,0,0,0,0,0,16.1,0,0,0,0,16.1,0,0,0,0,0,0,0,0,0,0,0,0,0,0,0,0,0,0,0,0,0,0,0,0,0,0
20,Yarmouth County,Female,35 - 64,331.5,9.3,0,0,0,0,0,0,60.7,0,0,0,0,0,0,0,28,0,0,112.1,0,9.3,0,0,60.7,0,0,0,0,18.7,0,0,0,0,18.7,0,0,9.3,0,0,0,4.7,0,0,0,0,0,0,0,0,0
21,Yarmouth County,Female,65 -74,983.6,0,0,0,0,0,0,0,213.8,0,0,0,0,0,0,0,156.8,0,0,370.6,0,28.5,0,0,71.3,0,0,0,0,57,0,0,0,0,57,0,0,14.3,0,0,0,14.3,0,0,0,0,0,0,0,0,0
22,Yarmouth County,Female,75 +,1700.8,39.4,0,0,0,0,0,0,503.9,0,0,0,0,0,0,0,228.3,0,0,346.5,0,15.7,0,0,149.6,0,0,0,0,149.6,0,0,0,0,39.4,0,0,110.2,0,0,0,118.1,0,0,0,0,0,0,0,0,0
23,Yarmouth County,Female,Total,359.2,6.3,0,0,0,0,0,0,86.1,0,0,0,0,0,0,0,45.6,0,0,102.9,0,6.4,0,0,42.7,0,0,0,0,27,0,0,0,0,14.4,0,0,14.5,0,0,0,13.4,0,0,0,0,0,0,0,0,0
24,Yarmouth County,Male,0 - 19,11.5,0,0,0,0,0,0,0,0,0,0,0,0,0,0,0,0,0,0,0,0,0,0,0,0,0,0,0,0,0,0,0,0,0,0,0,0,0,0,0,0,11.5,0,0,0,0,0,0,0,0,0
25,Yarmouth County,Male,20 - 34,31.9,0,0,0,0,0,0,0,0,0,0,0,0,0,0,0,0,0,0,0,0,0,0,0,0,0,0,0,0,0,0,0,0,0,23.9,0,0,8,0,0,0,0,0,0,0,0,0,0,0,0,0
26,Yarmouth County,Male,35 - 64,303.1,14.2,0,0,0,0,0,0,66.3,0,0,0,0,0,0,0,47.4,0,0,4.7,0,18.9,0,0,0,0,0,0,0,94.7,0,0,0,0,28.4,0,0,18.9,0,0,0,9.5,0,0,0,0,0,0,0,0,0
27,Yarmouth County,Male,65 -74,1052.6,99.6,0,0,0,0,0,0,256,0,0,0,0,0,0,0,284.5,0,0,0,0,56.9,0,0,0,0,0,0,0,241.8,0,0,0,0,71.1,0,0,0,0,0,0,42.7,0,0,0,0,0,0,0,0,0
28,Yarmouth County,Male,75 +,2913,65.2,0,0,0,0,0,0,630.4,0,0,0,0,0,0,0,695.7,0,0,0,0,65.2,0,0,0,0,0,0,0,1021.7,0,0,0,0,43.5,0,0,206.5,0,0,0,184.8,0,0,0,0,0,0,0,0,0
29,Yarmouth County,Male,Total,498.8,19.2,0,0,0,0,0,0,102.6,0,0,0,0,0,0,0,115,0,0,1,0,17.6,0,0,0,0,0,0,0,159.6,0,0,0,0,24.3,0,0,28.6,0,0,0,30.9,0,0,0,0,0,0,0,0,0
30,Yarmouth County,Total,0 - 19,8.7,0,0,0,0,0,0,0,2.9,0,0,0,0,0,0,0,0,0,0,0,0,0,0,0,0,0,0,0,0,0,0,0,0,0,0,0,0,0,0,0,0,5.8,0,0,0,0,0,0,0,0,0
31,Yarmouth County,Total,20 - 34,32.1,0,0,0,0,0,0,0,0,0,0,0,0,0,0,0,0,0,0,8,0,0,0,0,8,0,0,0,0,0,0,0,0,0,12,0,0,4,0,0,0,0,0,0,0,0,0,0,0,0,0
32,Yarmouth County,Total,35 - 64,317.4,11.8,0,0,0,0,0,0,63.5,0,0,0,0,0,0,0,37.6,0,0,58.8,0,14.1,0,0,30.6,0,0,0,0,56.4,0,0,0,0,23.5,0,0,14.1,0,0,0,7.1,0,0,0,0,0,0,0,0,0
33,Yarmouth County,Total,65 -74,1018.2,49.8,0,0,0,0,0,0,235,0,0,0,0,0,0,0,220.7,0,0,185.1,0,42.7,0,0,35.6,0,0,0,0,149.5,0,0,0,0,64.1,0,0,7.1,0,0,0,28.5,0,0,0,0,0,0,0,0,0
34,Yarmouth County,Total,75 +,2210,50.2,0,0,0,0,0,0,557.1,0,0,0,0,0,0,0,424.7,0,0,200.9,0,36.5,0,0,86.8,0,0,0,0,516,0,0,0,0,41.1,0,0,150.7,0,0,0,146.1,0,0,0,0,0,0,0,0,0
35,Yarmouth County,Total,Total,419,12.7,0,0,0,0,0,0,92.7,0,0,0,0,0,0,0,75.6,0,0,54.9,0,11.7,0,0,22.6,0,0,0,0,86.5,0,0,0,0,19.6,0,0,20.8,0,0,0,22,0,0,0,0,0,0,0,0,0
36,Digby County,Female,0 - 19,18.6,0,0,0,0,0,0,0,0,0,0,0,0,0,0,0,0,0,0,0,0,0,0,0,0,0,0,0,0,0,0,0,0,0,0,0,0,0,0,0,0,18.6,0,0,0,0,0,0,0,0,0
37,Digby County,Female,20 - 34,58.9,0,0,0,0,0,0,0,0,0,0,0,0,0,0,0,11.8,0,0,0,0,11.8,0,0,23.5,0,0,0,0,0,0,0,0,0,0,0,0,0,0,0,0,11.8,0,0,0,0,0,0,0,0,0
38,Digby County,Female,35 - 64,339.3,6.5,0,0,0,0,0,0,32.6,0,0,0,0,0,0,0,32.6,0,0,110.9,0,32.6,0,0,32.6,0,0,0,0,0,0,0,0,0,19.6,0,0,13.1,0,0,0,58.7,0,0,0,0,0,0,0,0,0
39,Digby County,Female,65 -74,717.9,16.7,0,0,0,0,0,0,100.2,0,0,0,0,0,0,0,116.9,0,0,250.4,0,0,0,0,116.9,0,0,0,0,33.4,0,0,0,0,16.7,0,0,16.7,0,0,0,50.1,0,0,0,0,0,0,0,0,0
40,Digby County,Female,75 +,1820.8,28.9,0,0,0,0,0,0,423.9,0,0,0,0,0,0,0,375.7,0,0,366.1,0,48.2,0,0,154.1,0,0,0,0,86.7,0,0,0,0,48.2,0,0,106,0,0,0,183,0,0,0,0,0,0,0,0,0
41,Queens County,Male,75 +,3266.2,106,0,0,0,0,0,0,593.8,0,0,0,0,0,0,0,636.3,0,0,21.2,0,84.8,0,0,0,0,0,0,0,1315,0,0,0,0,106,0,0,169.7,0,0,0,233.3,0,0,0,0,0,0,0,0,0
42,Digby County,Female,Total,363.1,5.8,0,0,0,0,0,0,62.1,0,0,0,0,0,0,0,64,0,0,88.4,0,16.4,0,0,40.4,0,0,0,0,12.4,0,0,0,0,11.4,0,0,17,0,0,0,45.2,0,0,0,0,0,0,0,0,0
43,Digby County,Male,0 - 19,27.3,0,0,0,0,0,0,0,0,0,0,0,0,0,0,0,0,0,0,0,0,0,0,0,0,0,0,0,0,0,0,0,0,0,9.1,0,0,0,0,0,0,18.2,0,0,0,0,0,0,0,0,0
44,Digby County,Male,20 - 34,22.2,0,0,0,0,0,0,0,0,0,0,0,0,0,0,0,11.1,0,0,0,0,0,0,0,0,0,0,0,0,0,0,0,0,0,11.1,0,0,0,0,0,0,0,0,0,0,0,0,0,0,0,0
45,Digby County,Male,35 - 64,288.9,18.8,0,0,0,0,0,0,56.5,0,0,0,0,0,0,0,50.2,0,0,0,0,6.3,0,0,0,0,0,0,0,100.5,0,0,0,0,31.4,0,0,18.8,0,0,0,6.3,0,0,0,0,0,0,0,0,0
46,Digby County,Male,65 -74,1061.8,52.2,0,0,0,0,0,0,243.7,0,0,0,0,0,0,0,104.4,0,0,0,0,69.6,0,0,0,0,0,0,0,470,0,0,0,0,52.2,0,0,17.4,0,0,0,52.2,0,0,0,0,0,0,0,0,0
47,Digby County,Male,75 +,3042.9,143,0,0,0,0,0,0,676.2,0,0,0,0,0,0,0,585.2,0,0,0,0,65,0,0,0,0,0,0,0,1183.4,0,0,0,0,104,0,0,91,0,0,0,195.1,0,0,0,0,0,0,0,0,0
48,Digby County,Male,Total,508.9,23,0,0,0,0,0,0,109.6,0,0,0,0,0,0,0,90.2,0,0,0,0,14.8,0,0,0,0,0,0,0,195,0,0,0,0,28.1,0,0,15.8,0,0,0,32.4,0,0,0,0,0,0,0,0,0
49,Digby County,Total,0 - 19,23,0,0,0,0,0,0,0,0,0,0,0,0,0,0,0,0,0,0,0,0,0,0,0,0,0,0,0,0,0,0,0,0,0,4.6,0,0,0,0,0,0,18.4,0,0,0,0,0,0,0,0,0
50,Digby County,Total,20 - 34,40,0,0,0,0,0,0,0,0,0,0,0,0,0,0,0,11.4,0,0,0,0,5.7,0,0,11.4,0,0,0,0,0,0,0,0,0,5.7,0,0,0,0,0,0,5.7,0,0,0,0,0,0,0,0,0
51,Digby County,Total,35 - 64,313.6,12.8,0,0,0,0,0,0,44.8,0,0,0,0,0,0,0,41.6,0,0,54.4,0,19.2,0,0,16,0,0,0,0,51.2,0,0,0,0,25.6,0,0,16,0,0,0,32,0,0,0,0,0,0,0,0,0
52,Digby County,Total,65 -74,886.2,34.1,0,0,0,0,0,0,170.4,0,0,0,0,0,0,0,110.8,0,0,127.8,0,34.1,0,0,59.7,0,0,0,0,247.1,0,0,0,0,34.1,0,0,17,0,0,0,51.1,0,0,0,0,0,0,0,0,0
53,Digby County,Total,75 +,2340.9,77.5,0,0,0,0,0,0,531.3,0,0,0,0,0,0,0,464.9,0,0,210.3,0,55.3,0,0,88.5,0,0,0,0,553.4,0,0,0,0,71.9,0,0,99.6,0,0,0,188.2,0,0,0,0,0,0,0,0,0
54,Digby County,Total,Total,424,13.5,0,0,0,0,0,0,82.7,0,0,0,0,0,0,0,75.6,0,0,47,0,15.2,0,0,21.4,0,0,0,0,94.4,0,0,0,0,19.5,0,0,16.4,0,0,0,38.2,0,0,0,0,0,0,0,0,0
55,Queens County,Female,0 - 19,15.3,0,0,0,0,0,0,0,0,0,0,0,0,0,0,0,0,0,0,0,0,0,0,0,0,0,0,0,0,0,0,0,0,0,0,0,0,0,0,0,0,15.3,0,0,0,0,0,0,0,0,0
56,Queens County,Female,20 - 34,40.1,0,0,0,0,0,0,0,0,0,0,0,0,0,0,0,0,0,0,20,0,0,0,0,20,0,0,0,0,0,0,0,0,0,0,0,0,0,0,0,0,0,0,0,0,0,0,0,0,0,0
57,Queens County,Female,35 - 64,320.3,42.7,0,0,0,0,0,0,0,0,0,0,0,0,0,0,32,0,0,138.8,0,21.4,0,0,21.4,0,0,0,0,21.4,0,0,0,0,10.7,0,0,10.7,0,0,0,21.4,0,0,0,0,0,0,0,0,0
58,Queens County,Female,65 -74,1078.2,53.9,0,0,0,0,0,0,134.8,0,0,0,0,0,0,0,188.7,0,0,296.5,0,0,0,0,188.7,0,0,0,0,107.8,0,0,0,0,53.9,0,0,27,0,0,0,27,0,0,0,0,0,0,0,0,0
59,Queens County,Female,75 +,2093.8,16.8,0,0,0,0,0,0,519.3,0,0,0,0,0,0,0,402,0,0,519.3,0,33.5,0,0,117.3,0,0,0,0,83.8,0,0,0,0,100.5,0,0,117.3,0,0,0,184.3,0,0,0,0,0,0,0,0,0
60,Queens County,Female,Total,415.6,17.7,0,0,0,0,0,0,67.5,0,0,0,0,0,0,0,70.3,0,0,119.4,0,10.5,0,0,37.5,0,0,0,0,25,0,0,0,0,20.3,0,0,16.4,0,0,0,31,0,0,0,0,0,0,0,0,0
61,Queens County,Male,0 - 19,30.5,0,0,0,0,0,0,0,0,0,0,0,0,0,0,0,0,0,0,0,0,15.2,0,0,0,0,0,0,0,0,0,0,0,0,0,0,0,0,0,0,0,15.2,0,0,0,0,0,0,0,0,0
62,Queens County,Male,20 - 34,19.8,0,0,0,0,0,0,0,0,0,0,0,0,0,0,0,0,0,0,0,0,19.8,0,0,0,0,0,0,0,0,0,0,0,0,0,0,0,0,0,0,0,0,0,0,0,0,0,0,0,0,0
63,Queens County,Male,35 - 64,326,31.5,0,0,0,0,0,0,21,0,0,0,0,0,0,0,42.1,0,0,0,0,10.5,0,0,0,0,0,0,0,94.6,0,0,0,0,63.1,0,0,10.5,0,0,0,52.6,0,0,0,0,0,0,0,0,0
64,Queens County,Male,65 -74,1398.4,158.3,0,0,0,0,0,0,184.7,0,0,0,0,0,0,0,316.6,0,0,0,0,0,0,0,0,0,0,0,0,580.5,0,0,0,0,79.2,0,0,52.8,0,0,0,26.4,0,0,0,0,0,0,0,0,0
65,Queens County,Male,Total,588,34.2,0,0,0,0,0,0,88.1,0,0,0,0,0,0,0,108.3,0,0,1.7,0,21.2,0,0,0,0,0,0,0,226.3,0,0,0,0,36,0,0,24.8,0,0,0,47.6,0,0,0,0,0,0,0,0,0
66,Queens County,Total,0 - 19,22.9,0,0,0,0,0,0,0,0,0,0,0,0,0,0,0,0,0,0,0,0,7.6,0,0,0,0,0,0,0,0,0,0,0,0,0,0,0,0,0,0,0,15.3,0,0,0,0,0,0,0,0,0
67,Queens County,Total,20 - 34,29.9,0,0,0,0,0,0,0,0,0,0,0,0,0,0,0,0,0,0,10,0,10,0,0,10,0,0,0,0,0,0,0,0,0,0,0,0,0,0,0,0,0,0,0,0,0,0,0,0,0,0
68,Queens County,Total,35 - 64,323.2,37.1,0,0,0,0,0,0,10.6,0,0,0,0,0,0,0,37.1,0,0,68.9,0,15.9,0,0,10.6,0,0,0,0,58.3,0,0,0,0,37.1,0,0,10.6,0,0,0,37.1,0,0,0,0,0,0,0,0,0
69,Queens County,Total,65 -74,1240,106.7,0,0,0,0,0,0,160,0,0,0,0,0,0,0,253.3,0,0,146.7,0,0,0,0,93.3,0,0,0,0,346.7,0,0,0,0,66.7,0,0,40,0,0,0,26.7,0,0,0,0,0,0,0,0,0
70,Queens County,Total,75 +,2611.1,56.2,0,0,0,0,0,0,552.2,0,0,0,0,0,0,0,505.4,0,0,299.5,0,56.2,0,0,65.5,0,0,0,0,627,0,0,0,0,102.9,0,0,140.4,0,0,0,205.9,0,0,0,0,0,0,0,0,0
71,Queens County,Total,Total,493.2,25.6,0,0,0,0,0,0,77.6,0,0,0,0,0,0,0,85.9,0,0,63.1,0,15.4,0,0,19.6,0,0,0,0,118.2,0,0,0,0,27.8,0,0,20.9,0,0,0,39,0,0,0,0,0,0,0,0,0
72,Annapolis County,Female,0 - 19,8,0,0,0,0,0,0,0,0,0,0,0,0,0,0,0,0,0,0,0,0,0,0,0,0,0,0,0,0,0,0,0,0,0,0,0,0,0,0,0,0,8,0,0,0,0,0,0,0,0,0
73,Annapolis County,Female,20 - 34,95.2,0,0,0,0,0,0,0,0,0,0,0,0,0,0,0,0,0,0,0,0,11.9,0,0,23.8,0,0,0,0,0,0,0,0,0,11.9,0,0,0,0,0,0,47.6,0,0,0,0,0,0,0,0,0
74,Annapolis County,Female,35 - 64,266.7,17.4,0,0,0,0,0,0,11.6,0,0,0,0,0,0,0,11.6,0,0,156.5,0,11.6,0,0,17.4,0,0,0,0,11.6,0,0,0,0,17.4,0,0,11.6,0,0,0,0,0,0,0,0,0,0,0,0,0
75,Annapolis County,Female,65 -74,851.7,14.2,0,0,0,0,0,0,71,0,0,0,0,0,0,0,113.6,0,0,326.5,0,14.2,0,0,141.9,0,0,0,0,14.2,0,0,0,0,42.6,0,0,14.2,0,0,0,99.4,0,0,0,0,0,0,0,0,0
76,Annapolis County,Female,75 +,1684.8,34.7,0,0,0,0,0,0,451.6,0,0,0,0,0,0,0,243.2,0,0,347.4,0,26.1,0,0,182.4,0,0,0,0,112.9,0,0,0,0,52.1,0,0,95.5,0,0,0,138.9,0,0,0,0,0,0,0,0,0
77,Annapolis County,Female,Total,355.6,9.4,0,0,0,0,0,0,56,0,0,0,0,0,0,0,41.9,0,0,105.4,0,10.1,0,0,44.1,0,0,0,0,16.5,0,0,0,0,19.7,0,0,14.2,0,0,0,38.2,0,0,0,0,0,0,0,0,0
78,Annapolis County,Male,0 - 19,15.1,0,0,0,0,0,0,0,0,0,0,0,0,0,0,0,0,0,0,0,0,0,0,0,0,0,0,0,0,7.5,0,0,0,0,0,0,0,7.5,0,0,0,0,0,0,0,0,0,0,0,0,0
79,Annapolis County,Male,20 - 34,35.6,0,0,0,0,0,0,0,0,0,0,0,0,0,0,0,0,0,0,0,0,11.9,0,0,0,0,0,0,0,11.9,0,0,0,0,0,0,0,0,0,0,0,11.9,0,0,0,0,0,0,0,0,0
80,Annapolis County,Male,35 - 64,250.9,23.3,0,0,0,0,0,0,29.2,0,0,0,0,0,0,0,29.2,0,0,0,0,29.2,0,0,0,0,0,0,0,75.9,0,0,0,0,35,0,0,5.8,0,0,0,23.3,0,0,0,0,0,0,0,0,0
81,Annapolis County,Male,65 -74,1192.3,28.4,0,0,0,0,0,0,156.1,0,0,0,0,0,0,0,170.3,0,0,14.2,0,14.2,0,0,0,0,0,0,0,553.6,0,0,0,0,71,0,0,56.8,0,0,0,127.8,0,0,0,0,0,0,0,0,0
82,Annapolis County,Male,75 +,2805.7,98.3,0,0,0,0,0,0,567.7,0,0,0,0,0,0,0,578.6,0,0,0,0,76.4,0,0,0,0,0,0,0,1059,0,0,0,0,131,0,0,152.8,0,0,0,141.9,0,0,0,0,0,0,0,0,0
83,Annapolis County,Male,Total,492.7,18.3,0,0,0,0,0,0,84,0,0,0,0,0,0,0,86.1,0,0,1.3,0,19.3,0,0,0,0,0,0,0,192.6,0,0,0,0,29.4,0,0,25.5,0,0,0,36.1,0,0,0,0,0,0,0,0,0
84,Annapolis County,Total,0 - 19,11.7,0,0,0,0,0,0,0,0,0,0,0,0,0,0,0,0,0,0,0,0,0,0,0,0,0,0,0,0,3.9,0,0,0,0,0,0,0,3.9,0,0,0,3.9,0,0,0,0,0,0,0,0,0
85,Annapolis County,Total,20 - 34,65.4,0,0,0,0,0,0,0,0,0,0,0,0,0,0,0,0,0,0,0,0,11.9,0,0,11.9,0,0,0,0,5.9,0,0,0,0,5.9,0,0,0,0,0,0,29.7,0,0,0,0,0,0,0,0,0
86,Annapolis County,Total,35 - 64,258.8,20.4,0,0,0,0,0,0,20.4,0,0,0,0,0,0,0,20.4,0,0,78.5,0,20.4,0,0,8.7,0,0,0,0,43.6,0,0,0,0,26.2,0,0,8.7,0,0,0,11.6,0,0,0,0,0,0,0,0,0
87,Annapolis County,Total,65 -74,1022,21.3,0,0,0,0,0,0,113.6,0,0,0,0,0,0,0,141.9,0,0,170.3,0,14.2,0,0,71,0,0,0,0,283.9,0,0,0,0,56.8,0,0,35.5,0,0,0,113.6,0,0,0,0,0,0,0,0,0
88,Annapolis County,Total,75 +,2181.4,62.9,0,0,0,0,0,0,503,0,0,0,0,0,0,0,391.8,0,0,193.5,0,48.4,0,0,101.6,0,0,0,0,532,0,0,0,0,87.1,0,0,120.9,0,0,0,140.3,0,0,0,0,0,0,0,0,0
89,Annapolis County,Total,Total,415.8,13.2,0,0,0,0,0,0,68.5,0,0,0,0,0,0,0,61.4,0,0,55.4,0,14.4,0,0,23,0,0,0,0,99.4,0,0,0,0,23.8,0,0,19.6,0,0,0,37,0,0,0,0,0,0,0,0,0
90,Lunenburg County,Female,0 - 19,23.5,0,0,0,0,0,0,0,0,0,0,0,0,0,0,0,0,0,0,0,0,3.9,0,0,0,0,0,0,0,0,0,0,0,0,7.9,0,0,7.9,0,0,0,3.9,0,0,0,0,0,0,0,0,0
91,Lunenburg County,Female,20 - 34,52.1,0,0,0,0,0,0,0,0,0,0,0,0,0,0,0,0,0,0,15.6,0,0,0,0,15.6,0,0,0,0,0,0,0,0,0,5.2,0,0,5.2,0,0,0,10.4,0,0,0,0,0,0,0,0,0
92,Lunenburg County,Female,35 - 64,351.5,7.5,0,0,0,0,0,0,44.9,0,0,0,0,0,0,0,22.4,0,0,122.2,0,27.4,0,0,49.9,0,0,0,0,19.9,0,0,0,0,7.5,0,0,17.5,0,0,0,32.4,0,0,0,0,0,0,0,0,0
93,Lunenburg County,Female,65 -74,976.3,41.3,0,0,0,0,0,0,144.4,0,0,0,0,0,0,0,151.3,0,0,323.1,0,61.9,0,0,116.9,0,0,0,0,41.3,0,0,0,0,20.6,0,0,41.3,0,0,0,34.4,0,0,0,0,0,0,0,0,0
94,Lunenburg County,Female,75 +,1548.3,8.6,0,0,0,0,0,0,346.4,0,0,0,0,0,0,0,196.7,0,0,355,0,89.8,0,0,166.8,0,0,0,0,124,0,0,0,0,59.9,0,0,64.2,0,0,0,136.9,0,0,0,0,0,0,0,0,0
95,Lunenburg County,Female,Total,361.8,6.7,0,0,0,0,0,0,58.4,0,0,0,0,0,0,0,41.2,0,0,100.7,0,23.3,0,0,46.4,0,0,0,0,23.3,0,0,0,0,13.9,0,0,18.7,0,0,0,29.2,0,0,0,0,0,0,0,0,0
96,Lunenburg County,Male,0 - 19,27.9,0,0,0,0,0,0,0,0,0,0,0,0,0,0,0,0,0,0,0,0,3.5,0,0,0,0,0,0,0,3.5,0,0,0,0,7,0,0,3.5,0,0,0,10.5,0,0,0,0,0,0,0,0,0
97,Lunenburg County,Male,20 - 34,59.2,0,0,0,0,0,0,0,4.9,0,0,0,0,0,0,0,4.9,0,0,4.9,0,9.9,0,0,0,0,0,0,0,14.8,0,0,0,0,4.9,0,0,9.9,0,0,0,4.9,0,0,0,0,0,0,0,0,0
98,Lunenburg County,Male,35 - 64,281.4,15.1,0,0,0,0,0,0,55.3,0,0,0,0,0,0,0,37.7,0,0,5,0,22.6,0,0,0,0,0,0,0,77.9,0,0,0,0,25.1,0,0,7.5,0,0,0,35.2,0,0,0,0,0,0,0,0,0
99,Lunenburg County,Male,65 -74,1188,62.9,0,0,0,0,0,0,188.7,0,0,0,0,0,0,0,202.7,0,0,0,0,55.9,0,0,0,0,0,0,0,538.1,0,0,0,0,34.9,0,0,48.9,0,0,0,55.9,0,0,0,0,0,0,0,0,0
100,Lunenburg County,Male,75 +,2860.2,86,0,0,0,0,0,0,682.8,0,0,0,0,0,0,0,500,0,0,0,0,91.4,0,0,0,0,0,0,0,1118.3,0,0,0,0,145.2,0,0,64.5,0,0,0,172,0,0,0,0,0,0,0,0,0
101,Lunenburg County,Male,Total,516.1,18.5,0,0,0,0,0,0,105.8,0,0,0,0,0,0,0,83.5,0,0,2.6,0,24.2,0,0,0,0,0,0,0,197.9,0,0,0,0,29.5,0,0,17,0,0,0,37.1,0,0,0,0,0,0,0,0,0
102,Lunenburg County,Total,0 - 19,25.9,0,0,0,0,0,0,0,0,0,0,0,0,0,0,0,0,0,0,0,0,3.7,0,0,0,0,0,0,0,1.9,0,0,0,0,7.4,0,0,5.5,0,0,0,7.4,0,0,0,0,0,0,0,0,0
103,Lunenburg County,Total,20 - 34,55.8,0,0,0,0,0,0,0,2.5,0,0,0,0,0,0,0,2.5,0,0,10.1,0,5.1,0,0,7.6,0,0,0,0,7.6,0,0,0,0,5.1,0,0,7.6,0,0,0,7.6,0,0,0,0,0,0,0,0,0
104,Lunenburg County,Total,35 - 64,316.6,11.3,0,0,0,0,0,0,50.1,0,0,0,0,0,0,0,30,0,0,63.8,0,25,0,0,25,0,0,0,0,48.8,0,0,0,0,16.3,0,0,12.5,0,0,0,33.8,0,0,0,0,0,0,0,0,0
105,Lunenburg County,Total,65 -74,1081.3,52,0,0,0,0,0,0,166.3,0,0,0,0,0,0,0,176.7,0,0,162.9,0,58.9,0,0,58.9,0,0,0,0,287.6,0,0,0,0,27.7,0,0,45.1,0,0,0,45.1,0,0,0,0,0,0,0,0,0
106,Lunenburg County,Total,75 +,2129.6,42.9,0,0,0,0,0,0,495.5,0,0,0,0,0,0,0,331.1,0,0,197.7,0,90.5,0,0,92.9,0,0,0,0,564.6,0,0,0,0,97.7,0,0,64.3,0,0,0,152.5,0,0,0,0,0,0,0,0,0
107,Lunenburg County,Total,Total,430.1,12.1,0,0,0,0,0,0,79.5,0,0,0,0,0,0,0,60.4,0,0,53.8,0,23.5,0,0,23.9,0,0,0,0,105.3,0,0,0,0,20.9,0,0,17.7,0,0,0,32.9,0,0,0,0,0,0,0,0,0
108,Kings County,Female,0 - 19,7.7,0,0,0,0,0,0,0,0,0,0,0,0,0,0,0,0,0,0,0,0,0,0,0,2.6,0,0,0,0,0,0,0,0,0,5.1,0,0,0,0,0,0,0,0,0,0,0,0,0,0,0,0
109,Kings County,Female,20 - 34,31.9,0,0,0,0,0,0,0,7.1,0,0,0,0,0,0,0,0,0,0,0,0,7.1,0,0,7.1,0,0,0,0,0,0,0,0,0,3.6,0,0,0,0,0,0,7.1,0,0,0,0,0,0,0,0,0
110,Kings County,Female,35 - 64,314.7,4.2,0,0,0,0,0,0,42,0,0,0,0,0,0,0,29.4,0,0,113.3,0,39.9,0,0,27.3,0,0,0,0,14.7,0,0,0,0,8.4,0,0,12.6,0,0,0,23.1,0,0,0,0,0,0,0,0,0
111,Kings County,Female,65 -74,877.7,25.8,0,0,0,0,0,0,129.1,0,0,0,0,0,0,0,129.1,0,0,290.4,0,32.3,0,0,116.2,0,0,0,0,45.2,0,0,0,0,19.4,0,0,51.6,0,0,0,38.7,0,0,0,0,0,0,0,0,0
112,Kings County,Female,75 +,1596.7,25.7,0,0,0,0,0,0,432.4,0,0,0,0,0,0,0,256.8,0,0,363.9,0,34.2,0,0,149.8,0,0,0,0,81.3,0,0,0,0,47.1,0,0,64.2,0,0,0,141.3,0,0,0,0,0,0,0,0,0
113,Kings County,Female,Total,346.2,5.8,0,0,0,0,0,0,70.7,0,0,0,0,0,0,0,48.7,0,0,94.5,0,19.1,0,0,36.5,0,0,0,0,16.1,0,0,0,0,11.6,0,0,15.3,0,0,0,28,0,0,0,0,0,0,0,0,0
114,Kings County,Male,0 - 19,17.5,0,0,0,0,0,0,0,0,0,0,0,0,0,0,0,0,0,0,0,0,0,0,0,0,0,0,0,0,5,0,0,0,0,2.5,0,0,5,0,0,0,5,0,0,0,0,0,0,0,0,0
115,Kings County,Male,20 - 34,47,0,0,0,0,0,0,0,3.6,0,0,0,0,0,0,0,0,0,0,0,0,7.2,0,0,0,0,0,0,0,18.1,0,0,0,0,7.2,0,0,0,0,0,0,10.9,0,0,0,0,0,0,0,0,0
116,Kings County,Male,35 - 64,230.8,14.6,0,0,0,0,0,0,47.8,0,0,0,0,0,0,0,37.4,0,0,2.1,0,31.2,0,0,0,0,0,0,0,41.6,0,0,0,0,10.4,0,0,16.6,0,0,0,29.1,0,0,0,0,0,0,0,0,0
117,Kings County,Male,65 -74,1197.2,67.6,0,0,0,0,0,0,263.8,0,0,0,0,0,0,0,175.9,0,0,0,0,40.6,0,0,0,0,0,0,0,487,0,0,0,0,40.6,0,0,47.3,0,0,0,74.4,0,0,0,0,0,0,0,0,0
118,Kings County,Male,75 +,2844.5,88.7,0,0,0,0,0,0,632.1,0,0,0,0,0,0,0,565.6,0,0,0,0,110.9,0,0,0,0,0,0,0,1125.6,0,0,0,0,55.4,0,0,110.9,0,0,0,155.3,0,0,0,0,0,0,0,0,0
119,Kings County,Male,Total,507.1,19.9,0,0,0,0,0,0,109.3,0,0,0,0,0,0,0,88.7,0,0,0.5,0,26.2,0,0,0,0,0,0,0,188.1,0,0,0,0,15.4,0,0,22.8,0,0,0,36.1,0,0,0,0,0,0,0,0,0
120,Kings County,Total,0 - 19,12.7,0,0,0,0,0,0,0,0,0,0,0,0,0,0,0,0,0,0,0,0,0,0,0,1.3,0,0,0,0,2.5,0,0,0,0,3.8,0,0,2.5,0,0,0,2.5,0,0,0,0,0,0,0,0,0
121,Kings County,Total,20 - 34,39.4,0,0,0,0,0,0,0,5.4,0,0,0,0,0,0,0,0,0,0,0,0,7.2,0,0,3.6,0,0,0,0,9,0,0,0,0,5.4,0,0,0,0,0,0,9,0,0,0,0,0,0,0,0,0
122,Kings County,Total,35 - 64,272.5,9.4,0,0,0,0,0,0,44.9,0,0,0,0,0,0,0,33.4,0,0,57.4,0,35.5,0,0,13.6,0,0,0,0,28.2,0,0,0,0,9.4,0,0,14.6,0,0,0,26.1,0,0,0,0,0,0,0,0,0
123,Kings County,Total,65 -74,1033.7,46.2,0,0,0,0,0,0,194.8,0,0,0,0,0,0,0,151.9,0,0,148.6,0,36.3,0,0,59.4,0,0,0,0,260.9,0,0,0,0,29.7,0,0,49.5,0,0,0,56.1,0,0,0,0,0,0,0,0,0
124,Kings County,Total,75 +,2140.4,53.1,0,0,0,0,0,0,519.4,0,0,0,0,0,0,0,391.4,0,0,205.3,0,67.6,0,0,84.6,0,0,0,0,536.3,0,0,0,0,50.7,0,0,84.6,0,0,0,147.4,0,0,0,0,0,0,0,0,0
125,Kings County,Total,Total,416.9,12.7,0,0,0,0,0,0,87.2,0,0,0,0,0,0,0,67.1,0,0,50.2,0,22.4,0,0,19.4,0,0,0,0,94.4,0,0,0,0,13.3,0,0,18.6,0,0,0,31.8,0,0,0,0,0,0,0,0,0
126,Hants County,Female,0 - 19,18.7,0,0,0,0,0,0,0,0,0,0,0,0,0,0,0,0,0,0,0,0,0,0,0,0,0,0,0,0,0,0,0,0,0,0,0,0,11.2,0,0,0,7.5,0,0,0,0,0,0,0,0,0
127,Hants County,Female,20 - 34,42.1,0,0,0,0,0,0,0,0,0,0,0,0,0,0,0,0,0,0,5.3,0,5.3,0,0,21.1,0,0,0,0,0,0,0,0,0,0,0,0,5.3,0,0,0,5.3,0,0,0,0,0,0,0,0,0
128,Hants County,Female,35 - 64,338.2,3,0,0,0,0,0,0,47.5,0,0,0,0,0,0,0,20.8,0,0,151.3,0,29.7,0,0,32.6,0,0,0,0,5.9,0,0,0,0,17.8,0,0,11.9,0,0,0,17.8,0,0,0,0,0,0,0,0,0
129,Hants County,Female,65 -74,856.6,38.5,0,0,0,0,0,0,134.7,0,0,0,0,0,0,0,115.5,0,0,250.2,0,57.7,0,0,67.4,0,0,0,0,9.6,0,0,0,0,77,0,0,19.2,0,0,0,86.6,0,0,0,0,0,0,0,0,0
130,Hants County,Female,75 +,1697.7,21.5,0,0,0,0,0,0,530.1,0,0,0,0,0,0,0,272.2,0,0,329.5,0,57.3,0,0,114.6,0,0,0,0,107.4,0,0,0,0,78.8,0,0,100.3,0,0,0,86,0,0,0,0,0,0,0,0,0
131,Hants County,Female,Total,360.8,6.7,0,0,0,0,0,0,80.1,0,0,0,0,0,0,0,47.2,0,0,96.4,0,19.8,0,0,31.7,0,0,0,0,13.7,0,0,0,0,18.9,0,0,20.3,0,0,0,26,0,0,0,0,0,0,0,0,0
132,Hants County,Male,0 - 19,24.3,0,0,0,0,0,0,0,0,0,0,0,0,0,0,0,0,0,0,0,0,0,0,0,0,0,0,0,0,0,0,0,0,0,7,0,0,10.4,0,0,0,7,0,0,0,0,0,0,0,0,0
133,Hants County,Male,20 - 34,36.4,0,0,0,0,0,0,0,5.2,0,0,0,0,0,0,0,0,0,0,0,0,5.2,0,0,0,0,0,0,0,5.2,0,0,0,0,15.6,0,0,0,0,0,0,5.2,0,0,0,0,0,0,0,0,0
134,Hants County,Male,35 - 64,242.8,11.7,0,0,0,0,0,0,81.9,0,0,0,0,0,0,0,32.2,0,0,0,0,20.5,0,0,0,0,0,0,0,61.4,0,0,0,0,17.6,0,0,2.9,0,0,0,14.6,0,0,0,0,0,0,0,0,0
135,Hants County,Male,65 -74,1184.8,66.4,0,0,0,0,0,0,331.8,0,0,0,0,0,0,0,246.4,0,0,9.5,0,37.9,0,0,0,0,0,0,0,331.8,0,0,0,0,56.9,0,0,28.4,0,0,0,75.8,0,0,0,0,0,0,0,0,0
136,Hants County,Male,75 +,3148.3,156.1,0,0,0,0,0,0,737.2,0,0,0,0,0,0,0,702.5,0,0,0,0,60.7,0,0,0,0,0,0,0,1032.1,0,0,0,0,156.1,0,0,130.1,0,0,0,173.5,0,0,0,0,0,0,0,0,0
137,Hants County,Male,Total,540,26.9,0,0,0,0,0,0,135.6,0,0,0,0,0,0,0,110,0,0,0.9,0,17.3,0,0,0,0,0,0,0,161.4,0,0,0,0,32.5,0,0,22,0,0,0,33.4,0,0,0,0,0,0,0,0,0
138,Hants County,Total,0 - 19,21.6,0,0,0,0,0,0,0,0,0,0,0,0,0,0,0,0,0,0,0,0,0,0,0,0,0,0,0,0,0,0,0,0,0,3.6,0,0,10.8,0,0,0,7.2,0,0,0,0,0,0,0,0,0
139,Hants County,Total,20 - 34,39.2,0,0,0,0,0,0,0,2.6,0,0,0,0,0,0,0,0,0,0,2.6,0,5.2,0,0,10.5,0,0,0,0,2.6,0,0,0,0,7.9,0,0,2.6,0,0,0,5.2,0,0,0,0,0,0,0,0,0
140,Hants County,Total,35 - 64,290.2,7.4,0,0,0,0,0,0,64.8,0,0,0,0,0,0,0,26.5,0,0,75.1,0,25,0,0,16.2,0,0,0,0,33.9,0,0,0,0,17.7,0,0,7.4,0,0,0,16.2,0,0,0,0,0,0,0,0,0
141,Hants County,Total,65 -74,1022,52.5,0,0,0,0,0,0,234,0,0,0,0,0,0,0,181.5,0,0,128.9,0,47.8,0,0,33.4,0,0,0,0,171.9,0,0,0,0,66.9,0,0,23.9,0,0,0,81.2,0,0,0,0,0,0,0,0,0
142,Hants County,Total,75 +,2353.9,82.4,0,0,0,0,0,0,623.8,0,0,0,0,0,0,0,466.8,0,0,180.5,0,58.8,0,0,62.8,0,0,0,0,525.7,0,0,0,0,113.8,0,0,113.8,0,0,0,125.5,0,0,0,0,0,0,0,0,0
143,Hants County,Total,Total,441.1,15.4,0,0,0,0,0,0,105.8,0,0,0,0,0,0,0,76,0,0,50.3,0,18.3,0,0,16.5,0,0,0,0,83.6,0,0,0,0,25.9,0,0,20.3,0,0,0,29,0,0,0,0,0,0,0,0,0
144,Halifax County,Female,0 - 19,17.2,0.9,0,0,0,0,0,0,0,0,0,0,0,0,0,0,0.5,0,0,0,0,0.5,0,0,0.5,0,0,0,0,0.9,0,0,0,0,2.7,0,0,5,0,0,0,6.3,0,0,0,0,0,0,0,0,0
145,Halifax County,Female,20 - 34,69,0,0,0,0,0,0,0,2.7,0,0,0,0,0,0,0,0.9,0,0,7.8,0,9.6,0,0,18.7,0,0,0,0,0.9,0,0,0,0,9.6,0,0,3.7,0,0,0,15.1,0,0,0,0,0,0,0,0,0
146,Halifax County,Female,35 - 64,357.8,2.9,0,0,0,0,0,0,34.9,0,0,0,0,0,0,0,25.4,0,0,144.2,0,32.3,0,0,58.7,0,0,0,0,11.4,0,0,0,0,11.7,0,0,6.9,0,0,0,29.4,0,0,0,0,0,0,0,0,0
147,Halifax County,Female,65 -74,976.5,23.9,0,0,0,0,0,0,189.1,0,0,0,0,0,0,0,165.1,0,0,304,0,41.9,0,0,108.9,0,0,0,0,40.7,0,0,0,0,31.1,0,0,16.8,0,0,0,55,0,0,0,0,0,0,0,0,0
148,Halifax County,Female,75 +,1818.1,33.4,0,0,0,0,0,0,494.3,0,0,0,0,0,0,0,307,0,0,437,0,58.2,0,0,142,0,0,0,0,96.6,0,0,0,0,55.6,0,0,69.3,0,0,0,124.9,0,0,0,0,0,0,0,0,0
149,Halifax County,Female,Total,401.2,6.9,0,0,0,0,0,0,78.4,0,0,0,0,0,0,0,56.7,0,0,114.5,0,21.6,0,0,45.8,0,0,0,0,17.8,0,0,0,0,15.2,0,0,12.9,0,0,0,31.7,0,0,0,0,0,0,0,0,0
150,Halifax County,Male,0 - 19,17,0,0,0,0,0,0,0,0,0,0,0,0,0,0,0,0,0,0,0,0,0,0,0,0,0,0,0,0,1.8,0,0,0,0,4.8,0,0,4.8,0,0,0,5.7,0,0,0,0,0,0,0,0,0
151,Halifax County,Male,20 - 34,42.1,0.5,0,0,0,0,0,0,5.3,0,0,0,0,0,0,0,1.4,0,0,0,0,4.8,0,0,0,0,0,0,0,16.7,0,0,0,0,3.8,0,0,2.4,0,0,0,7.2,0,0,0,0,0,0,0,0,0
152,Halifax County,Male,35 - 64,232.6,16.8,0,0,0,0,0,0,51.1,0,0,0,0,0,0,0,29.2,0,0,0.7,0,15.1,0,0,0,0,0,0,0,68.9,0,0,0,0,20.2,0,0,11.8,0,0,0,18.8,0,0,0,0,0,0,0,0,0
153,Halifax County,Male,65 -74,1279.8,57.6,0,0,0,0,0,0,247.9,0,0,0,0,0,0,0,192.8,0,0,6.3,0,60.1,0,0,0,0,0,0,0,554.8,0,0,0,0,56.4,0,0,38.8,0,0,0,65.1,0,0,0,0,0,0,0,0,0
154,Halifax County,Male,75 +,3100.2,104.9,0,0,0,0,0,0,757.3,0,0,0,0,0,0,0,558.3,0,0,4.8,0,104.9,0,0,0,0,0,0,0,1190.2,0,0,0,0,91.6,0,0,97.7,0,0,0,190.5,0,0,0,0,0,0,0,0,0
155,Halifax County,Male,Total,543.8,21.3,0,0,0,0,0,0,123.5,0,0,0,0,0,0,0,89.1,0,0,1.3,0,22.7,0,0,0,0,0,0,0,207.1,0,0,0,0,22.8,0,0,19.9,0,0,0,36,0,0,0,0,0,0,0,0,0
156,Halifax County,Total,0 - 19,17.1,0.4,0,0,0,0,0,0,0,0,0,0,0,0,0,0,0.2,0,0,0,0,0.2,0,0,0.2,0,0,0,0,1.3,0,0,0,0,3.8,0,0,4.9,0,0,0,6,0,0,0,0,0,0,0,0,0
157,Halifax County,Total,20 - 34,55.9,0.2,0,0,0,0,0,0,4,0,0,0,0,0,0,0,1.2,0,0,4,0,7.3,0,0,9.6,0,0,0,0,8.7,0,0,0,0,6.8,0,0,3,0,0,0,11.2,0,0,0,0,0,0,0,0,0
158,Halifax County,Total,35 - 64,296.2,9.8,0,0,0,0,0,0,42.9,0,0,0,0,0,0,0,27.3,0,0,73.5,0,23.8,0,0,29.8,0,0,0,0,39.7,0,0,0,0,15.9,0,0,9.3,0,0,0,24.2,0,0,0,0,0,0,0,0,0
159,Halifax County,Total,65 -74,1124.7,40.4,0,0,0,0,0,0,217.8,0,0,0,0,0,0,0,178.7,0,0,158.5,0,50.8,0,0,55.7,0,0,0,0,291.9,0,0,0,0,43.4,0,0,27.5,0,0,0,60,0,0,0,0,0,0,0,0,0
160,Halifax County,Total,75 +,2350.1,63,0,0,0,0,0,0,603.4,0,0,0,0,0,0,0,411.3,0,0,257.7,0,77.6,0,0,83.1,0,0,0,0,550.4,0,0,0,0,70.5,0,0,81.1,0,0,0,152.1,0,0,0,0,0,0,0,0,0
161,Halifax County,Total,Total,459,13.4,0,0,0,0,0,0,97.8,0,0,0,0,0,0,0,69.9,0,0,62.5,0,21.5,0,0,24.5,0,0,0,0,101.7,0,0,0,0,18.7,0,0,15.9,0,0,0,33.1,0,0,0,0,0,0,0,0,0
162,Colchester County,Female,0 - 19,12.8,0,0,0,0,0,0,0,3.2,0,0,0,0,0,0,0,0,0,0,0,0,0,0,0,0,0,0,0,0,0,0,0,0,0,6.4,0,0,0,0,0,0,3.2,0,0,0,0,0,0,0,0,0
163,Colchester County,Female,20 - 34,95.1,0,0,0,0,0,0,0,0,0,0,0,0,0,0,0,0,0,0,17.3,0,13,0,0,25.9,0,0,0,0,0,0,0,0,0,8.6,0,0,8.6,0,0,0,21.6,0,0,0,0,0,0,0,0,0
164,Colchester County,Female,35 - 64,335.2,7.5,0,0,0,0,0,0,37.5,0,0,0,0,0,0,0,37.5,0,0,112.6,0,27.5,0,0,55,0,0,0,0,5,0,0,0,0,27.5,0,0,7.5,0,0,0,17.5,0,0,0,0,0,0,0,0,0
165,Colchester County,Female,65 -74,832.7,29.7,0,0,0,0,0,0,119,0,0,0,0,0,0,0,96.7,0,0,319.7,0,22.3,0,0,156.1,0,0,0,0,22.3,0,0,0,0,22.3,0,0,14.9,0,0,0,29.7,0,0,0,0,0,0,0,0,0
166,Colchester County,Female,75 +,1691.4,19.2,0,0,0,0,0,0,464.8,0,0,0,0,0,0,0,282.7,0,0,354.6,0,43.1,0,0,167.7,0,0,0,0,105.4,0,0,0,0,91,0,0,43.1,0,0,0,119.8,0,0,0,0,0,0,0,0,0
167,Colchester County,Female,Total,369.2,6.6,0,0,0,0,0,0,67.3,0,0,0,0,0,0,0,48.3,0,0,100.8,0,17.5,0,0,53.4,0,0,0,0,15.6,0,0,0,0,23.2,0,0,10.4,0,0,0,26,0,0,0,0,0,0,0,0,0
168,Colchester County,Male,0 - 19,18,3,0,0,0,0,0,0,0,0,0,0,0,0,0,0,0,0,0,0,0,0,0,0,0,0,0,0,0,0,0,0,0,0,0,0,0,3,0,0,0,12,0,0,0,0,0,0,0,0,0
169,Colchester County,Male,20 - 34,57.2,0,0,0,0,0,0,0,0,0,0,0,0,0,0,0,4.4,0,0,0,0,8.8,0,0,0,0,0,0,0,26.4,0,0,0,0,8.8,0,0,0,0,0,0,8.8,0,0,0,0,0,0,0,0,0
170,Colchester County,Male,35 - 64,246,17.6,0,0,0,0,0,0,35.1,0,0,0,0,0,0,0,32.6,0,0,0,0,32.6,0,0,0,0,0,0,0,45.2,0,0,0,0,42.7,0,0,5,0,0,0,35.1,0,0,0,0,0,0,0,0,0
171,Colchester County,Male,65 -74,1086.5,69.8,0,0,0,0,0,0,217.3,0,0,0,0,0,0,0,201.8,0,0,0,0,46.6,0,0,0,0,0,0,0,411.3,0,0,0,0,23.3,0,0,7.8,0,0,0,108.7,0,0,0,0,0,0,0,0,0
172,Colchester County,Male,75 +,2706.6,138.8,0,0,0,0,0,0,530,0,0,0,0,0,0,0,517.4,0,0,6.3,0,50.5,0,0,0,0,0,0,0,1192.4,0,0,0,0,69.4,0,0,75.7,0,0,0,126.2,0,0,0,0,0,0,0,0,0
173,Colchester County,Male,Total,486.8,27.4,0,0,0,0,0,0,89.1,0,0,0,0,0,0,0,85.9,0,0,0.8,0,20.5,0,0,0,0,0,0,0,190.5,0,0,0,0,22.8,0,0,11.8,0,0,0,38.1,0,0,0,0,0,0,0,0,0
174,Colchester County,Total,0 - 19,15.5,1.6,0,0,0,0,0,0,1.6,0,0,0,0,0,0,0,0,0,0,0,0,0,0,0,0,0,0,0,0,0,0,0,0,0,3.1,0,0,1.6,0,0,0,7.8,0,0,0,0,0,0,0,0,0
175,Colchester County,Total,20 - 34,76.3,0,0,0,0,0,0,0,0,0,0,0,0,0,0,0,2.2,0,0,8.7,0,10.9,0,0,13.1,0,0,0,0,13.1,0,0,0,0,8.7,0,0,4.4,0,0,0,15.3,0,0,0,0,0,0,0,0,0
176,Colchester County,Total,35 - 64,290.7,12.5,0,0,0,0,0,0,36.3,0,0,0,0,0,0,0,35.1,0,0,56.4,0,30.1,0,0,27.6,0,0,0,0,25.1,0,0,0,0,35.1,0,0,6.3,0,0,0,26.3,0,0,0,0,0,0,0,0,0
177,Colchester County,Total,65 -74,956.9,49.4,0,0,0,0,0,0,167.1,0,0,0,0,0,0,0,148.1,0,0,163.3,0,34.2,0,0,79.7,0,0,0,0,212.6,0,0,0,0,22.8,0,0,11.4,0,0,0,68.4,0,0,0,0,0,0,0,0,0
178,Colchester County,Total,75 +,2129.6,70.8,0,0,0,0,0,0,492.9,0,0,0,0,0,0,0,384,0,0,204.2,0,46.3,0,0,95.3,0,0,0,0,574.6,0,0,0,0,81.7,0,0,57.2,0,0,0,122.5,0,0,0,0,0,0,0,0,0
179,Colchester County,Total,Total,417.7,15.9,0,0,0,0,0,0,77.5,0,0,0,0,0,0,0,65.4,0,0,53.4,0,18.9,0,0,28,0,0,0,0,93.2,0,0,0,0,22.9,0,0,10.5,0,0,0,32,0,0,0,0,0,0,0,0,0
180,Cumberland County,Female,0 - 19,10.7,0,0,0,0,0,0,0,0,0,0,0,0,0,0,0,0,0,0,0,0,0,0,0,0,0,0,0,0,5.4,0,0,0,0,0,0,0,0,0,0,0,5.4,0,0,0,0,0,0,0,0,0
181,Cumberland County,Female,20 - 34,74.3,0,0,0,0,0,0,0,7.4,0,0,0,0,0,0,0,0,0,0,0,0,7.4,0,0,14.9,0,0,0,0,7.4,0,0,0,0,14.9,0,0,0,0,0,0,22.3,0,0,0,0,0,0,0,0,0
182,Cumberland County,Female,35 - 64,375.9,12,0,0,0,0,0,0,36,0,0,0,0,0,0,0,28,0,0,148,0,20,0,0,60,0,0,0,0,4,0,0,0,0,36,0,0,4,0,0,0,28,0,0,0,0,0,0,0,0,0
183,Cumberland County,Female,65 -74,856.7,20.4,0,0,0,0,0,0,142.8,0,0,0,0,0,0,0,153,0,0,295.8,0,30.6,0,0,61.2,0,0,0,0,30.6,0,0,0,0,40.8,0,0,30.6,0,0,0,51,0,0,0,0,0,0,0,0,0
184,Cumberland County,Female,75 +,1778.8,16.7,0,0,0,0,0,0,522.5,0,0,0,0,0,0,0,283.5,0,0,422.5,0,27.8,0,0,127.8,0,0,0,0,105.6,0,0,0,0,83.4,0,0,77.8,0,0,0,111.2,0,0,0,0,0,0,0,0,0
185,Cumberland County,Female,Total,379.1,6.2,0,0,0,0,0,0,75.9,0,0,0,0,0,0,0,50.6,0,0,107.8,0,13.2,0,0,40,0,0,0,0,17.7,0,0,0,0,25.4,0,0,11,0,0,0,31.2,0,0,0,0,0,0,0,0,0
186,Cumberland County,Male,0 - 19,10,0,0,0,0,0,0,0,0,0,0,0,0,0,0,0,0,0,0,0,0,0,0,0,0,0,0,0,0,0,0,0,0,0,0,0,0,5,0,0,0,5,0,0,0,0,0,0,0,0,0
187,Cumberland County,Male,20 - 34,88.8,0,0,0,0,0,0,0,0,0,0,0,0,0,0,0,0,0,0,0,0,13.7,0,0,0,0,0,0,0,20.5,0,0,0,0,27.3,0,0,0,0,0,0,27.3,0,0,0,0,0,0,0,0,0
188,Cumberland County,Male,35 - 64,282.3,23.9,0,0,0,0,0,0,59.6,0,0,0,0,0,0,0,31.8,0,0,0,0,31.8,0,0,0,0,0,0,0,63.6,0,0,0,0,35.8,0,0,11.9,0,0,0,23.9,0,0,0,0,0,0,0,0,0
189,Cumberland County,Male,65 -74,1225.1,40.8,0,0,0,0,0,0,285.9,0,0,0,0,0,0,0,183.8,0,0,0,0,71.5,0,0,0,0,0,0,0,469.6,0,0,0,0,71.5,0,0,20.4,0,0,0,81.7,0,0,0,0,0,0,0,0,0
190,Cumberland County,Male,75 +,2944.9,78.7,0,0,0,0,0,0,700.8,0,0,0,0,0,0,0,692.9,0,0,7.9,0,39.4,0,0,0,0,0,0,0,1047.2,0,0,0,0,86.6,0,0,118.1,0,0,0,173.2,0,0,0,0,0,0,0,0,0
191,Cumberland County,Male,Total,531.1,18,0,0,0,0,0,0,117.4,0,0,0,0,0,0,0,101.8,0,0,0.8,0,23,0,0,0,0,0,0,0,179.2,0,0,0,0,31.1,0,0,19,0,0,0,40.8,0,0,0,0,0,0,0,0,0
192,Cumberland County,Total,0 - 19,10.4,0,0,0,0,0,0,0,0,0,0,0,0,0,0,0,0,0,0,0,0,0,0,0,0,0,0,0,0,2.6,0,0,0,0,0,0,0,2.6,0,0,0,5.2,0,0,0,0,0,0,0,0,0
193,Cumberland County,Total,20 - 34,81.8,0,0,0,0,0,0,0,3.6,0,0,0,0,0,0,0,0,0,0,0,0,10.7,0,0,7.1,0,0,0,0,14.2,0,0,0,0,21.3,0,0,0,0,0,0,24.9,0,0,0,0,0,0,0,0,0
194,Cumberland County,Total,35 - 64,328.9,17.9,0,0,0,0,0,0,47.8,0,0,0,0,0,0,0,29.9,0,0,73.8,0,25.9,0,0,29.9,0,0,0,0,33.9,0,0,0,0,35.9,0,0,8,0,0,0,25.9,0,0,0,0,0,0,0,0,0
195,Cumberland County,Total,65 -74,1040.8,30.6,0,0,0,0,0,0,214.3,0,0,0,0,0,0,0,168.4,0,0,148,0,51,0,0,30.6,0,0,0,0,250,0,0,0,0,56.1,0,0,25.5,0,0,0,66.3,0,0,0,0,0,0,0,0,0
196,Cumberland County,Total,75 +,2261.3,42.4,0,0,0,0,0,0,596.3,0,0,0,0,0,0,0,452.9,0,0,250.9,0,32.6,0,0,74.9,0,0,0,0,495.3,0,0,0,0,84.7,0,0,94.5,0,0,0,136.9,0,0,0,0,0,0,0,0,0
197,Cumberland County,Total,Total,445.4,11.7,0,0,0,0,0,0,95.1,0,0,0,0,0,0,0,72.8,0,0,57.8,0,18.1,0,0,21,0,0,0,0,90.8,0,0,0,0,28.2,0,0,14.4,0,0,0,35.6,0,0,0,0,0,0,0,0,0
198,Pictou County,Female,0 - 19,13.7,0,0,0,0,0,0,0,0,0,0,0,0,0,0,0,0,0,0,0,0,0,0,0,0,0,0,0,0,0,0,0,0,0,3.4,0,0,3.4,0,0,0,6.9,0,0,0,0,0,0,0,0,0
199,Pictou County,Female,20 - 34,68.9,0,0,0,0,0,0,0,4.6,0,0,0,0,0,0,0,0,0,0,4.6,0,13.8,0,0,23,0,0,0,0,0,0,0,0,0,4.6,0,0,0,0,0,0,18.4,0,0,0,0,0,0,0,0,0
200,Pictou County,Female,35 - 64,373.1,7.9,0,0,0,0,0,0,31.8,0,0,0,0,0,0,0,52.9,0,0,132.3,0,31.8,0,0,58.2,0,0,0,0,2.7,0,0,0,0,13.2,0,0,18.5,0,0,0,23.8,0,0,0,0,0,0,0,0,0
201,Pictou County,Female,65 -74,963.1,8,0,0,0,0,0,0,176.6,0,0,0,0,0,0,0,152.5,0,0,345.1,0,16.1,0,0,112.4,0,0,0,0,48.2,0,0,0,0,40.1,0,0,40.1,0,0,0,24.1,0,0,0,0,0,0,0,0,0
202,Pictou County,Female,75 +,1742.1,31.5,0,0,0,0,0,0,445.6,0,0,0,0,0,0,0,297.1,0,0,391.6,0,31.5,0,0,166.6,0,0,0,0,99,0,0,0,0,49.5,0,0,81,0,0,0,148.5,0,0,0,0,0,0,0,0,0
203,Pictou County,Female,Total,380.8,5.5,0,0,0,0,0,0,66.1,0,0,0,0,0,0,0,60.8,0,0,104,0,15.3,0,0,51.7,0,0,0,0,15.9,0,0,0,0,14.8,0,0,17.2,0,0,0,29.5,0,0,0,0,0,0,0,0,0
204,Pictou County,Male,0 - 19,6.6,0,0,0,0,0,0,0,0,0,0,0,0,0,0,0,0,0,0,0,0,0,0,0,0,0,0,0,0,0,0,0,0,0,3.3,0,0,0,0,0,0,3.3,0,0,0,0,0,0,0,0,0
205,Pictou County,Male,20 - 34,36.3,0,0,0,0,0,0,0,0,0,0,0,0,0,0,0,0,0,0,0,0,4.5,0,0,0,0,0,0,0,9.1,0,0,0,0,9.1,0,0,0,0,0,0,13.6,0,0,0,0,0,0,0,0,0
206,Pictou County,Male,35 - 64,253.8,10.7,0,0,0,0,0,0,48.1,0,0,0,0,0,0,0,32.1,0,0,2.7,0,13.4,0,0,0,0,0,0,0,77.5,0,0,0,0,13.4,0,0,21.4,0,0,0,34.7,0,0,0,0,0,0,0,0,0
207,Pictou County,Male,65 -74,1157,47.2,0,0,0,0,0,0,251.9,0,0,0,0,0,0,0,267.6,0,0,0,0,31.5,0,0,0,0,0,0,0,417.2,0,0,0,0,47.2,0,0,23.6,0,0,0,70.8,0,0,0,0,0,0,0,0,0
208,Pictou County,Male,75 +,3158.2,91.9,0,0,0,0,0,0,722.3,0,0,0,0,0,0,0,597.5,0,0,0,0,65.7,0,0,0,0,0,0,0,1300.1,0,0,0,0,72.2,0,0,137.9,0,0,0,170.7,0,0,0,0,0,0,0,0,0
209,Pictou County,Male,Total,529.8,16.8,0,0,0,0,0,0,112.8,0,0,0,0,0,0,0,100.1,0,0,0.5,0,14.5,0,0,0,0,0,0,0,205.6,0,0,0,0,18.9,0,0,22.9,0,0,0,37.7,0,0,0,0,0,0,0,0,0
210,Pictou County,Total,0 - 19,10.1,0,0,0,0,0,0,0,0,0,0,0,0,0,0,0,0,0,0,0,0,0,0,0,0,0,0,0,0,0,0,0,0,0,3.4,0,0,1.7,0,0,0,5.1,0,0,0,0,0,0,0,0,0
211,Pictou County,Total,20 - 34,52.5,0,0,0,0,0,0,0,2.3,0,0,0,0,0,0,0,0,0,0,2.3,0,9.1,0,0,11.4,0,0,0,0,4.6,0,0,0,0,6.9,0,0,0,0,0,0,16,0,0,0,0,0,0,0,0,0
212,Pictou County,Total,35 - 64,313.7,9.3,0,0,0,0,0,0,39.9,0,0,0,0,0,0,0,42.5,0,0,67.8,0,22.6,0,0,29.2,0,0,0,0,39.9,0,0,0,0,13.3,0,0,19.9,0,0,0,29.2,0,0,0,0,0,0,0,0,0
213,Pictou County,Total,65 -74,1061,27.8,0,0,0,0,0,0,214.6,0,0,0,0,0,0,0,210.6,0,0,170.9,0,23.8,0,0,55.6,0,0,0,0,234.5,0,0,0,0,43.7,0,0,31.8,0,0,0,47.7,0,0,0,0,0,0,0,0,0
214,Pictou County,Total,75 +,2318.1,56.1,0,0,0,0,0,0,558.2,0,0,0,0,0,0,0,419.3,0,0,232.3,0,45.4,0,0,98.8,0,0,0,0,587.5,0,0,0,0,58.8,0,0,104.2,0,0,0,157.6,0,0,0,0,0,0,0,0,0
215,Pictou County,Total,Total,442,10.6,0,0,0,0,0,0,86.4,0,0,0,0,0,0,0,77.5,0,0,56.1,0,14.6,0,0,27.3,0,0,0,0,100.6,0,0,0,0,16.5,0,0,19.3,0,0,0,33.1,0,0,0,0,0,0,0,0,0
216,Guysborough County,Female,0 - 19,18.1,18.1,0,0,0,0,0,0,0,0,0,0,0,0,0,0,0,0,0,0,0,0,0,0,0,0,0,0,0,0,0,0,0,0,0,0,0,0,0,0,0,0,0,0,0,0,0,0,0,0,0
217,Guysborough County,Female,20 - 34,116.4,0,0,0,0,0,0,0,0,0,0,0,0,0,0,0,0,0,0,0,0,0,0,0,29.1,0,0,0,0,0,0,0,0,0,29.1,0,0,29.1,0,0,0,29.1,0,0,0,0,0,0,0,0,0
218,Guysborough County,Female,35 - 64,305,0,0,0,0,0,0,0,25.4,0,0,0,0,0,0,0,0,0,0,165.2,0,0,0,0,50.8,0,0,0,0,0,0,0,0,0,12.7,0,0,25.4,0,0,0,25.4,0,0,0,0,0,0,0,0,0
219,Guysborough County,Female,65 -74,858.5,31.8,0,0,0,0,0,0,159,0,0,0,0,0,0,0,190.8,0,0,222.6,0,63.6,0,0,127.2,0,0,0,0,0,0,0,0,0,31.8,0,0,0,0,0,0,31.8,0,0,0,0,0,0,0,0,0
220,Guysborough County,Female,75 +,1810.9,60.4,0,0,0,0,0,0,442.7,0,0,0,0,0,0,0,342.1,0,0,422.5,0,20.1,0,0,140.8,0,0,0,0,80.5,0,0,0,0,20.1,0,0,100.6,0,0,0,181.1,0,0,0,0,0,0,0,0,0
221,Guysborough County,Female,Total,381,14.8,0,0,0,0,0,0,65.9,0,0,0,0,0,0,0,54.6,0,0,103.6,0,6.9,0,0,46.8,0,0,0,0,9.3,0,0,0,0,16,0,0,22.7,0,0,0,40.4,0,0,0,0,0,0,0,0,0
222,Guysborough County,Male,0 - 19,,,,,,,,,,,,,,,,,,,,,,,,,,,,,,,,,,,,,,,,,,,,,,,,,,,
223,Guysborough County,Male,20 - 34,49.4,0,0,0,0,0,0,0,24.7,0,0,0,0,0,0,0,0,0,0,0,0,0,0,0,0,0,0,0,0,0,0,0,0,0,24.7,0,0,0,0,0,0,0,0,0,0,0,0,0,0,0,0
224,Guysborough County,Male,35 - 64,227.4,25.3,0,0,0,0,0,0,50.5,0,0,0,0,0,0,0,37.9,0,0,0,0,0,0,0,0,0,0,0,0,50.5,0,0,0,0,0,0,0,25.3,0,0,0,37.9,0,0,0,0,0,0,0,0,0
225,Guysborough County,Male,65 -74,1269.8,158.7,0,0,0,0,0,0,317.5,0,0,0,0,0,0,0,285.7,0,0,31.7,0,0,0,0,0,0,0,0,0,381,0,0,0,0,31.7,0,0,0,0,0,0,63.5,0,0,0,0,0,0,0,0,0
226,Guysborough County,Male,75 +,2781.6,160.9,0,0,0,0,0,0,620.7,0,0,0,0,0,0,0,528.7,0,0,0,0,69,0,0,0,0,0,0,0,965.5,0,0,0,0,69,0,0,114.9,0,0,0,252.9,0,0,0,0,0,0,0,0,0
227,Guysborough County,Male,Total,486.2,37.6,0,0,0,0,0,0,114.2,0,0,0,0,0,0,0,92.9,0,0,2.6,0,8.1,0,0,0,0,0,0,0,154.1,0,0,0,0,15.7,0,0,17.9,0,0,0,43.1,0,0,0,0,0,0,0,0,0
228,Guysborough County,Total,0 - 19,8.7,8.7,0,0,0,0,0,0,0,0,0,0,0,0,0,0,0,0,0,0,0,0,0,0,0,0,0,0,0,0,0,0,0,0,0,0,0,0,0,0,0,0,0,0,0,0,0,0,0,0,0
229,Guysborough County,Total,20 - 34,80.2,0,0,0,0,0,0,0,13.4,0,0,0,0,0,0,0,0,0,0,0,0,0,0,0,13.4,0,0,0,0,0,0,0,0,0,26.7,0,0,13.4,0,0,0,13.4,0,0,0,0,0,0,0,0,0
230,Guysborough County,Total,35 - 64,266.1,12.7,0,0,0,0,0,0,38,0,0,0,0,0,0,0,19,0,0,82.4,0,0,0,0,25.3,0,0,0,0,25.3,0,0,0,0,6.3,0,0,25.3,0,0,0,31.7,0,0,0,0,0,0,0,0,0
231,Guysborough County,Total,65 -74,1064.3,95.3,0,0,0,0,0,0,238.3,0,0,0,0,0,0,0,238.3,0,0,127.1,0,31.8,0,0,63.5,0,0,0,0,190.6,0,0,0,0,31.8,0,0,0,0,0,0,47.7,0,0,0,0,0,0,0,0,0
232,Guysborough County,Total,75 +,2263.9,107.3,0,0,0,0,0,0,525.8,0,0,0,0,0,0,0,429.2,0,0,225.3,0,42.9,0,0,75.1,0,0,0,0,493.6,0,0,0,0,42.9,0,0,107.3,0,0,0,214.6,0,0,0,0,0,0,0,0,0
233,Guysborough County,Total,Total,428.4,25.6,0,0,0,0,0,0,90.5,0,0,0,0,0,0,0,73.4,0,0,54.6,0,7.8,0,0,23.2,0,0,0,0,77.6,0,0,0,0,15.7,0,0,20.1,0,0,0,39.8,0,0,0,0,0,0,0,0,0
234,Antigonish County,Female,0 - 19,,,,,,,,,,,,,,,,,,,,,,,,,,,,,,,,,,,,,,,,,,,,,,,,,,,
235,Antigonish County,Female,20 - 34,51.9,0,0,0,0,0,0,0,0,0,0,0,0,0,0,0,0,0,0,10.4,0,0,0,0,0,0,0,0,0,0,0,0,0,0,20.7,0,0,10.4,0,0,0,10.4,0,0,0,0,0,0,0,0,0
236,Antigonish County,Female,35 - 64,254.4,6.7,0,0,0,0,0,0,26.8,0,0,0,0,0,0,0,20.1,0,0,127.2,0,20.1,0,0,13.4,0,0,0,0,0,0,0,0,0,6.7,0,0,6.7,0,0,0,26.8,0,0,0,0,0,0,0,0,0
237,Antigonish County,Female,65 -74,1002.2,21.8,0,0,0,0,0,0,87.1,0,0,0,0,0,0,0,130.7,0,0,392.2,0,21.8,0,0,174.3,0,0,0,0,87.1,0,0,0,0,21.8,0,0,43.6,0,0,0,21.8,0,0,0,0,0,0,0,0,0
238,Antigonish County,Female,75 +,1583.8,13.1,0,0,0,0,0,0,523.6,0,0,0,0,0,0,0,261.8,0,0,327.2,0,39.3,0,0,104.7,0,0,0,0,91.6,0,0,0,0,65.4,0,0,26.2,0,0,0,130.9,0,0,0,0,0,0,0,0,0
239,Antigonish County,Female,Total,335.2,5.5,0,0,0,0,0,0,67.9,0,0,0,0,0,0,0,47.9,0,0,103.8,0,11.1,0,0,30.2,0,0,0,0,17.3,0,0,0,0,15.6,0,0,10.1,0,0,0,25.7,0,0,0,0,0,0,0,0,0
240,Antigonish County,Male,0 - 19,13.9,0,0,0,0,0,0,0,0,0,0,0,0,0,0,0,0,0,0,0,0,0,0,0,0,0,0,0,0,0,0,0,0,0,0,0,0,6.9,0,0,0,6.9,0,0,0,0,0,0,0,0,0
241,Antigonish County,Male,20 - 34,71.8,10.3,0,0,0,0,0,0,0,0,0,0,0,0,0,0,10.3,0,0,0,0,10.3,0,0,0,0,0,0,0,30.8,0,0,0,0,0,0,0,10.3,0,0,0,0,0,0,0,0,0,0,0,0,0
242,Antigonish County,Male,35 - 64,238.2,6.6,0,0,0,0,0,0,46.3,0,0,0,0,0,0,0,13.2,0,0,0,0,26.5,0,0,0,0,0,0,0,72.8,0,0,0,0,46.3,0,0,19.8,0,0,0,6.6,0,0,0,0,0,0,0,0,0
243,Antigonish County,Male,65 -74,1212.1,40.4,0,0,0,0,0,0,323.2,0,0,0,0,0,0,0,121.2,0,0,0,0,60.6,0,0,0,0,0,0,0,484.8,0,0,0,0,121.2,0,0,40.4,0,0,0,20.2,0,0,0,0,0,0,0,0,0
244,Antigonish County,Male,75 +,3717.3,154.9,0,0,0,0,0,0,871.2,0,0,0,0,0,0,0,716.4,0,0,0,0,77.4,0,0,0,0,0,0,0,1452.1,0,0,0,0,77.4,0,0,96.8,0,0,0,271.1,0,0,0,0,0,0,0,0,0
245,Antigonish County,Male,Total,596.9,25.1,0,0,0,0,0,0,134.5,0,0,0,0,0,0,0,95.4,0,0,0,0,22.5,0,0,0,0,0,0,0,232.6,0,0,0,0,28.9,0,0,22.3,0,0,0,35.4,0,0,0,0,0,0,0,0,0
246,Antigonish County,Total,0 - 19,7,0,0,0,0,0,0,0,0,0,0,0,0,0,0,0,0,0,0,0,0,0,0,0,0,0,0,0,0,0,0,0,0,0,0,0,0,3.5,0,0,0,3.5,0,0,0,0,0,0,0,0,0
247,Antigonish County,Total,20 - 34,61.9,5.2,0,0,0,0,0,0,0,0,0,0,0,0,0,0,5.2,0,0,5.2,0,5.2,0,0,0,0,0,0,0,15.5,0,0,0,0,10.3,0,0,10.3,0,0,0,5.2,0,0,0,0,0,0,0,0,0
248,Antigonish County,Total,35 - 64,246.3,6.7,0,0,0,0,0,0,36.6,0,0,0,0,0,0,0,16.6,0,0,63.2,0,23.3,0,0,6.7,0,0,0,0,36.6,0,0,0,0,26.6,0,0,13.3,0,0,0,16.6,0,0,0,0,0,0,0,0,0
249,Antigonish County,Total,65 -74,1111.1,31.4,0,0,0,0,0,0,209.6,0,0,0,0,0,0,0,125.8,0,0,188.7,0,41.9,0,0,83.9,0,0,0,0,293.5,0,0,0,0,73.4,0,0,41.9,0,0,0,21,0,0,0,0,0,0,0,0,0
250,Antigonish County,Total,75 +,2444.4,70.3,0,0,0,0,0,0,663.8,0,0,0,0,0,0,0,445.1,0,0,195.2,0,54.7,0,0,62.5,0,0,0,0,640.4,0,0,0,0,70.3,0,0,54.7,0,0,0,187.4,0,0,0,0,0,0,0,0,0
251,Antigonish County,Total,Total,445.5,14,0,0,0,0,0,0,97.5,0,0,0,0,0,0,0,67,0,0,54.2,0,16.1,0,0,16,0,0,0,0,115.2,0,0,0,0,21.6,0,0,15.5,0,0,0,28.4,0,0,0,0,0,0,0,0,0
252,Inverness County,Female,0 - 19,30.9,0,0,0,0,0,0,0,0,0,0,0,0,0,0,0,0,0,0,0,0,0,0,0,0,0,0,0,0,0,0,0,0,0,0,0,0,15.5,0,0,0,15.5,0,0,0,0,0,0,0,0,0
253,Inverness County,Female,20 - 34,78.3,0,0,0,0,0,0,0,11.2,0,0,0,0,0,0,0,0,0,0,11.2,0,0,0,0,11.2,0,0,0,0,0,0,0,0,0,22.4,0,0,11.2,0,0,0,11.2,0,0,0,0,0,0,0,0,0
254,Inverness County,Female,35 - 64,310.9,6.5,0,0,0,0,0,0,38.9,0,0,0,0,0,0,0,32.4,0,0,103.6,0,38.9,0,0,58.3,0,0,0,0,13,0,0,0,0,6.5,0,0,0,0,0,0,13,0,0,0,0,0,0,0,0,0
255,Inverness County,Female,65 -74,980.2,51.6,0,0,0,0,0,0,120.4,0,0,0,0,0,0,0,206.4,0,0,292.3,0,17.2,0,0,86,0,0,0,0,68.8,0,0,0,0,34.4,0,0,51.6,0,0,0,51.6,0,0,0,0,0,0,0,0,0
256,Inverness County,Female,75 +,2095.8,35.9,0,0,0,0,0,0,526.9,0,0,0,0,0,0,0,359.3,0,0,407.2,0,35.9,0,0,239.5,0,0,0,0,215.6,0,0,0,0,71.9,0,0,71.9,0,0,0,131.7,0,0,0,0,0,0,0,0,0
257,Inverness County,Female,Total,424.8,11.3,0,0,0,0,0,0,79.4,0,0,0,0,0,0,0,61.4,0,0,102.1,0,17,0,0,53.5,0,0,0,0,34.4,0,0,0,0,17.7,0,0,20.3,0,0,0,27.8,0,0,0,0,0,0,0,0,0
258,Inverness County,Male,0 - 19,21.6,0,0,0,0,0,0,0,0,0,0,0,0,0,0,0,0,0,0,0,0,0,0,0,0,0,0,0,0,0,0,0,0,0,7.2,0,0,0,0,0,0,14.4,0,0,0,0,0,0,0,0,0
259,Inverness County,Male,20 - 34,89.6,0,0,0,0,0,0,0,22.4,0,0,0,0,0,0,0,0,0,0,0,0,11.2,0,0,0,0,0,0,0,22.4,0,0,0,0,22.4,0,0,0,0,0,0,11.2,0,0,0,0,0,0,0,0,0
260,Inverness County,Male,35 - 64,191.8,6.4,0,0,0,0,0,0,38.4,0,0,0,0,0,0,0,19.2,0,0,0,0,12.8,0,0,0,0,0,0,0,70.3,0,0,0,0,6.4,0,0,32,0,0,0,6.4,0,0,0,0,0,0,0,0,0
261,Inverness County,Male,65 -74,1322.2,100.4,0,0,0,0,0,0,334.7,0,0,0,0,0,0,0,351.5,0,0,0,0,33.5,0,0,0,0,0,0,0,435.1,0,0,0,0,16.7,0,0,33.5,0,0,0,16.7,0,0,0,0,0,0,0,0,0
262,Inverness County,Male,75 +,3367.1,124.7,0,0,0,0,0,0,654.7,0,0,0,0,0,0,0,810.6,0,0,0,0,77.9,0,0,0,0,0,0,0,1418.6,0,0,0,0,31.2,0,0,93.5,0,0,0,155.9,0,0,0,0,0,0,0,0,0
263,Inverness County,Male,Total,576.2,24.8,0,0,0,0,0,0,121.1,0,0,0,0,0,0,0,128.4,0,0,0,0,17,0,0,0,0,0,0,0,222.9,0,0,0,0,13.1,0,0,21.8,0,0,0,27.1,0,0,0,0,0,0,0,0,0
264,Inverness County,Total,0 - 19,26.1,0,0,0,0,0,0,0,0,0,0,0,0,0,0,0,0,0,0,0,0,0,0,0,0,0,0,0,0,0,0,0,0,0,3.7,0,0,7.5,0,0,0,14.9,0,0,0,0,0,0,0,0,0
265,Inverness County,Total,20 - 34,84,0,0,0,0,0,0,0,16.8,0,0,0,0,0,0,0,0,0,0,5.6,0,5.6,0,0,5.6,0,0,0,0,11.2,0,0,0,0,22.4,0,0,5.6,0,0,0,11.2,0,0,0,0,0,0,0,0,0
266,Inverness County,Total,35 - 64,250.9,6.4,0,0,0,0,0,0,38.6,0,0,0,0,0,0,0,25.7,0,0,51.5,0,25.7,0,0,29,0,0,0,0,41.8,0,0,0,0,6.4,0,0,16.1,0,0,0,9.7,0,0,0,0,0,0,0,0,0
267,Inverness County,Total,65 -74,1153.5,76.3,0,0,0,0,0,0,229,0,0,0,0,0,0,0,279.9,0,0,144.2,0,25.4,0,0,42.4,0,0,0,0,254.5,0,0,0,0,25.4,0,0,42.4,0,0,0,33.9,0,0,0,0,0,0,0,0,0
268,Inverness County,Total,75 +,2648.2,74.5,0,0,0,0,0,0,582.5,0,0,0,0,0,0,0,555.4,0,0,230.3,0,54.2,0,0,135.5,0,0,0,0,738.2,0,0,0,0,54.2,0,0,81.3,0,0,0,142.2,0,0,0,0,0,0,0,0,0
269,Inverness County,Total,Total,491.7,17.4,0,0,0,0,0,0,99.7,0,0,0,0,0,0,0,92.7,0,0,52.9,0,16.6,0,0,28,0,0,0,0,121.6,0,0,0,0,15.9,0,0,20.5,0,0,0,26.6,0,0,0,0,0,0,0,0,0
270,Richmond County,Female,0 - 19,,,,,,,,,,,,,,,,,,,,,,,,,,,,,,,,,,,,,,,,,,,,,,,,,,,
271,Richmond County,Female,20 - 34,23.4,0,0,0,0,0,0,0,0,0,0,0,0,0,0,0,0,0,0,0,0,0,0,0,0,0,0,0,0,0,0,0,0,0,0,0,0,0,0,0,0,23.4,0,0,0,0,0,0,0,0,0
272,Richmond County,Female,35 - 64,460.8,12.5,0,0,0,0,0,0,49.8,0,0,0,0,0,0,0,49.8,0,0,211.7,0,12.5,0,0,24.9,0,0,0,0,37.4,0,0,0,0,37.4,0,0,12.5,0,0,0,12.5,0,0,0,0,0,0,0,0,0
273,Richmond County,Female,65 -74,696.2,0,0,0,0,0,0,0,126.6,0,0,0,0,0,0,0,63.3,0,0,221.5,0,0,0,0,189.9,0,0,0,0,0,0,0,0,0,0,0,0,31.6,0,0,0,63.3,0,0,0,0,0,0,0,0,0
274,Richmond County,Female,75 +,1621.6,20.8,0,0,0,0,0,0,436.6,0,0,0,0,0,0,0,228.7,0,0,353.4,0,41.6,0,0,187.1,0,0,0,0,62.4,0,0,0,0,104,0,0,0,0,0,0,187.1,0,0,0,0,0,0,0,0,0
275,Richmond County,Female,Total,351.4,5,0,0,0,0,0,0,65.6,0,0,0,0,0,0,0,43,0,0,104.6,0,7.3,0,0,46,0,0,0,0,18.8,0,0,0,0,23.1,0,0,5.2,0,0,0,32.9,0,0,0,0,0,0,0,0,0
276,Cape Breton County,Female,Total,397.6,8.9,0,0,0,0,0,0,81.3,0,0,0,0,0,0,0,59.3,0,0,108.3,0,8,0,0,55.2,0,0,0,0,17.3,0,0,0,0,13.9,0,0,13.7,0,0,0,31.8,0,0,0,0,0,0,0,0,0
277,Cape Breton County,Male,0 - 19,22.3,0,0,0,0,0,0,0,0,0,0,0,0,0,0,0,2.8,0,0,0,0,0,0,0,0,0,0,0,0,0,0,0,0,0,1.4,0,0,9.8,0,0,0,8.4,0,0,0,0,0,0,0,0,0
278,Cape Breton County,Male,20 - 34,40.7,2.1,0,0,0,0,0,0,0,0,0,0,0,0,0,0,0,0,0,0,0,0,0,0,0,0,0,0,0,10.7,0,0,0,0,10.7,0,0,6.4,0,0,0,10.7,0,0,0,0,0,0,0,0,0
279,Richmond County,Male,0 - 19,,,,,,,,,,,,,,,,,,,,,,,,,,,,,,,,,,,,,,,,,,,,,,,,,,,
280,Richmond County,Male,20 - 34,45,0,0,0,0,0,0,0,0,0,0,0,0,0,0,0,0,0,0,0,0,22.5,0,0,0,0,0,0,0,22.5,0,0,0,0,0,0,0,0,0,0,0,0,0,0,0,0,0,0,0,0,0
281,Richmond County,Male,35 - 64,166.1,12.8,0,0,0,0,0,0,51.1,0,0,0,0,0,0,0,25.6,0,0,0,0,12.8,0,0,0,0,0,0,0,38.3,0,0,0,0,12.8,0,0,0,0,0,0,12.8,0,0,0,0,0,0,0,0,0
282,Richmond County,Male,65 -74,1282.9,131.6,0,0,0,0,0,0,197.4,0,0,0,0,0,0,0,197.4,0,0,0,0,0,0,0,0,0,0,0,0,657.9,0,0,0,0,32.9,0,0,0,0,0,0,65.8,0,0,0,0,0,0,0,0,0
283,Richmond County,Male,75 +,3485.2,159.5,0,0,0,0,0,0,979.5,0,0,0,0,0,0,0,569.5,0,0,0,0,68.3,0,0,0,0,0,0,0,1252.8,0,0,0,0,91.1,0,0,159.5,0,0,0,205,0,0,0,0,0,0,0,0,0
284,Richmond County,Male,Total,551.5,35,0,0,0,0,0,0,135.2,0,0,0,0,0,0,0,85.2,0,0,0,0,18.3,0,0,0,0,0,0,0,214.3,0,0,0,0,15.4,0,0,17,0,0,0,31.3,0,0,0,0,0,0,0,0,0
285,Richmond County,Total,0 - 19,,,,,,,,,,,,,,,,,,,,,,,,,,,,,,,,,,,,,,,,,,,,,,,,,,,
286,Richmond County,Total,20 - 34,34.4,0,0,0,0,0,0,0,0,0,0,0,0,0,0,0,0,0,0,0,0,11.5,0,0,0,0,0,0,0,11.5,0,0,0,0,0,0,0,0,0,0,0,11.5,0,0,0,0,0,0,0,0,0
287,Richmond County,Total,35 - 64,315.4,12.6,0,0,0,0,0,0,50.5,0,0,0,0,0,0,0,37.8,0,0,107.2,0,12.6,0,0,12.6,0,0,0,0,37.8,0,0,0,0,25.2,0,0,6.3,0,0,0,12.6,0,0,0,0,0,0,0,0,0
288,Richmond County,Total,65 -74,983.9,64.5,0,0,0,0,0,0,161.3,0,0,0,0,0,0,0,129,0,0,112.9,0,0,0,0,96.8,0,0,0,0,322.6,0,0,0,0,16.1,0,0,16.1,0,0,0,64.5,0,0,0,0,0,0,0,0,0
289,Richmond County,Total,75 +,2510.9,87,0,0,0,0,0,0,695.7,0,0,0,0,0,0,0,391.3,0,0,184.8,0,54.3,0,0,97.8,0,0,0,0,630.4,0,0,0,0,97.8,0,0,76.1,0,0,0,195.7,0,0,0,0,0,0,0,0,0
290,Richmond County,Total,Total,443.6,19.3,0,0,0,0,0,0,99.3,0,0,0,0,0,0,0,62.7,0,0,53.9,0,12.2,0,0,23.4,0,0,0,0,112.2,0,0,0,0,19.5,0,0,9.9,0,0,0,31.1,0,0,0,0,0,0,0,0,0
291,Cape Breton County,Female,0 - 19,23.2,2.9,0,0,0,0,0,0,2.9,0,0,0,0,0,0,0,0,0,0,0,0,0,0,0,1.5,0,0,0,0,0,0,0,0,0,4.3,0,0,5.8,0,0,0,5.8,0,0,0,0,0,0,0,0,0
292,Cape Breton County,Female,20 - 34,55.5,0,0,0,0,0,0,0,4.1,0,0,0,0,0,0,0,2.1,0,0,8.2,0,2.1,0,0,14.4,0,0,0,0,2.1,0,0,0,0,6.2,0,0,2.1,0,0,0,14.4,0,0,0,0,0,0,0,0,0
293,Cape Breton County,Female,35 - 64,367.5,5.6,0,0,0,0,0,0,51.2,0,0,0,0,0,0,0,31.2,0,0,134.8,0,15.6,0,0,66.8,0,0,0,0,10,0,0,0,0,16.7,0,0,8.9,0,0,0,26.7,0,0,0,0,0,0,0,0,0
294,Cape Breton County,Female,65 -74,922.2,31.6,0,0,0,0,0,0,145.3,0,0,0,0,0,0,0,151.6,0,0,309.5,0,12.6,0,0,139,0,0,0,0,25.3,0,0,0,0,31.6,0,0,9.5,0,0,0,66.3,0,0,0,0,0,0,0,0,0
295,Cape Breton County,Female,75 +,1896.1,36.2,0,0,0,0,0,0,519.7,0,0,0,0,0,0,0,325.5,0,0,430.2,0,20.9,0,0,192.3,0,0,0,0,118,0,0,0,0,41.9,0,0,83.8,0,0,0,127.5,0,0,0,0,0,0,0,0,0
296,Cape Breton County,Male,35 - 64,255.5,24.7,0,0,0,0,0,0,67.1,0,0,0,0,0,0,0,31.8,0,0,0,0,14.1,0,0,0,0,0,0,0,55.3,0,0,0,0,22.4,0,0,20,0,0,0,20,0,0,0,0,0,0,0,0,0
297,Cape Breton County,Male,65 -74,1258.5,96.3,0,0,0,0,0,0,361.9,0,0,0,0,0,0,0,278.9,0,0,6.6,0,29.9,0,0,0,0,0,0,0,322.1,0,0,0,0,39.8,0,0,39.8,0,0,0,83,0,0,0,0,0,0,0,0,0
298,Cape Breton County,Male,75 +,3042.7,132.4,0,0,0,0,0,0,839.6,0,0,0,0,0,0,0,690.2,0,0,8.5,0,50.7,0,0,0,0,0,0,0,912.8,0,0,0,0,98.6,0,0,124,0,0,0,185.9,0,0,0,0,0,0,0,0,0
299,Cape Breton County,Male,Total,532.6,30,0,0,0,0,0,0,142.5,0,0,0,0,0,0,0,110.2,0,0,1.5,0,11.7,0,0,0,0,0,0,0,147.4,0,0,0,0,23.9,0,0,26.5,0,0,0,39,0,0,0,0,0,0,0,0,0
300,Cape Breton County,Total,0 - 19,22.7,1.4,0,0,0,0,0,0,1.4,0,0,0,0,0,0,0,1.4,0,0,0,0,0,0,0,0.7,0,0,0,0,0,0,0,0,0,2.8,0,0,7.8,0,0,0,7.1,0,0,0,0,0,0,0,0,0
301,Cape Breton County,Total,20 - 34,48.2,1.1,0,0,0,0,0,0,2.1,0,0,0,0,0,0,0,1.1,0,0,4.2,0,1.1,0,0,7.3,0,0,0,0,6.3,0,0,0,0,8.4,0,0,4.2,0,0,0,12.6,0,0,0,0,0,0,0,0,0
302,Cape Breton County,Total,35 - 64,313,14.9,0,0,0,0,0,0,58.9,0,0,0,0,0,0,0,31.5,0,0,69.2,0,14.9,0,0,34.3,0,0,0,0,32,0,0,0,0,19.5,0,0,14.3,0,0,0,23.5,0,0,0,0,0,0,0,0,0
303,Cape Breton County,Total,65 -74,1086.1,63.1,0,0,0,0,0,0,250.9,0,0,0,0,0,0,0,213.7,0,0,161.9,0,21,0,0,71.2,0,0,0,0,170,0,0,0,0,35.6,0,0,24.3,0,0,0,74.5,0,0,0,0,0,0,0,0,0
304,Cape Breton County,Total,75 +,2358.4,75,0,0,0,0,0,0,648.7,0,0,0,0,0,0,0,472.6,0,0,260.2,0,32.9,0,0,114.7,0,0,0,0,438.5,0,0,0,0,64.8,0,0,100,0,0,0,151.1,0,0,0,0,0,0,0,0,0
305,Cape Breton County,Total,Total,451.6,18.4,0,0,0,0,0,0,107.4,0,0,0,0,0,0,0,80.9,0,0,60,0,9.5,0,0,30,0,0,0,0,73,0,0,0,0,18.3,0,0,19.4,0,0,0,34.6,0,0,0,0,0,0,0,0,0
306,Victoria County,Female,0 - 19,19.4,0,0,0,0,0,0,0,0,0,0,0,0,0,0,0,0,0,0,0,0,0,0,0,0,0,0,0,0,0,0,0,0,0,0,0,0,0,0,0,0,19.4,0,0,0,0,0,0,0,0,0
307,Victoria County,Female,20 - 34,61.1,0,0,0,0,0,0,0,0,0,0,0,0,0,0,0,0,0,0,0,0,0,0,0,61.1,0,0,0,0,0,0,0,0,0,0,0,0,0,0,0,0,0,0,0,0,0,0,0,0,0,0
308,Victoria County,Female,35 - 64,366,0,0,0,0,0,0,0,31.8,0,0,0,0,0,0,0,47.7,0,0,127.3,0,31.8,0,0,79.6,0,0,0,0,15.9,0,0,0,0,15.9,0,0,15.9,0,0,0,0,0,0,0,0,0,0,0,0,0
309,Victoria County,Female,65 -74,905,0,0,0,0,0,0,0,90.5,0,0,0,0,0,0,0,271.5,0,0,316.7,0,0,0,0,135.7,0,0,0,0,0,0,0,0,0,45.2,0,0,0,0,0,0,45.2,0,0,0,0,0,0,0,0,0
310,Victoria County,Female,75 +,2011.5,0,0,0,0,0,0,0,689.7,0,0,0,0,0,0,0,373.6,0,0,431,0,0,0,0,143.7,0,0,0,0,201.1,0,0,0,0,86.2,0,0,0,0,0,0,86.2,0,0,0,0,0,0,0,0,0
311,Victoria County,Female,Total,423.5,0,0,0,0,0,0,0,88.6,0,0,0,0,0,0,0,85.3,0,0,106.3,0,8.6,0,0,64.9,0,0,0,0,26.7,0,0,0,0,20.3,0,0,3.7,0,0,0,19.3,0,0,0,0,0,0,0,0,0
312,Victoria County,Male,0 - 19,38.2,0,0,0,0,0,0,0,0,0,0,0,0,0,0,0,0,0,0,0,0,0,0,0,0,0,0,0,0,0,0,0,0,0,38.2,0,0,0,0,0,0,0,0,0,0,0,0,0,0,0,0
313,Victoria County,Male,20 - 34,28.4,0,0,0,0,0,0,0,0,0,0,0,0,0,0,0,0,0,0,0,0,0,0,0,0,0,0,0,0,0,0,0,0,0,0,0,0,28.4,0,0,0,0,0,0,0,0,0,0,0,0,0
314,Victoria County,Male,35 - 64,105.9,15.1,0,0,0,0,0,0,30.3,0,0,0,0,0,0,0,0,0,0,0,0,30.3,0,0,0,0,0,0,0,0,0,0,0,0,30.3,0,0,0,0,0,0,0,0,0,0,0,0,0,0,0,0
315,Victoria County,Male,65 -74,1153.8,85.5,0,0,0,0,0,0,170.9,0,0,0,0,0,0,0,299.1,0,0,0,0,85.5,0,0,0,0,0,0,0,341.9,0,0,0,0,85.5,0,0,0,0,0,0,85.5,0,0,0,0,0,0,0,0,0
316,Victoria County,Male,75 +,3085.3,72.6,0,0,0,0,0,0,726,0,0,0,0,0,0,0,798.5,0,0,0,0,108.9,0,0,0,0,0,0,0,1125.2,0,0,0,0,108.9,0,0,72.6,0,0,0,72.6,0,0,0,0,0,0,0,0,0
317,Victoria County,Male,Total,497.8,17.9,0,0,0,0,0,0,102.1,0,0,0,0,0,0,0,121,0,0,0,0,30.3,0,0,0,0,0,0,0,158.9,0,0,0,0,35.8,0,0,16.9,0,0,0,14.8,0,0,0,0,0,0,0,0,0
318,Victoria County,Total,0 - 19,28.9,0,0,0,0,0,0,0,0,0,0,0,0,0,0,0,0,0,0,0,0,0,0,0,0,0,0,0,0,0,0,0,0,0,19.3,0,0,0,0,0,0,9.6,0,0,0,0,0,0,0,0,0
319,Victoria County,Total,20 - 34,44.2,0,0,0,0,0,0,0,0,0,0,0,0,0,0,0,0,0,0,0,0,0,0,0,29.5,0,0,0,0,0,0,0,0,0,0,0,0,14.7,0,0,0,0,0,0,0,0,0,0,0,0,0
320,Victoria County,Total,35 - 64,232.6,7.8,0,0,0,0,0,0,31,0,0,0,0,0,0,0,23.3,0,0,62,0,31,0,0,38.8,0,0,0,0,7.8,0,0,0,0,23.3,0,0,7.8,0,0,0,0,0,0,0,0,0,0,0,0,0
321,Victoria County,Total,65 -74,1033,44,0,0,0,0,0,0,131.9,0,0,0,0,0,0,0,285.7,0,0,153.8,0,44,0,0,65.9,0,0,0,0,175.8,0,0,0,0,65.9,0,0,0,0,0,0,65.9,0,0,0,0,0,0,0,0,0
322,Victoria County,Total,75 +,2486,32.1,0,0,0,0,0,0,705.7,0,0,0,0,0,0,0,561.3,0,0,240.6,0,48.1,0,0,80.2,0,0,0,0,609.5,0,0,0,0,96.2,0,0,32.1,0,0,0,80.2,0,0,0,0,0,0,0,0,0
323,Victoria County,Total,Total,446.2,8.9,0,0,0,0,0,0,93.6,0,0,0,0,0,0,0,98.5,0,0,54.7,0,18.3,0,0,32.7,0,0,0,0,85.4,0,0,0,0,26.8,0,0,10,0,0,0,17.2,0,0,0,0,0,0,0,0,0
324,South Shore Health,Female,0 - 19,21.9,0,0,0,0,0,0,0,0,0,0,0,0,0,0,0,0,0,0,0,0,3.1,0,0,0,0,0,0,0,0,0,0,0,0,6.3,0,0,6.3,0,0,0,6.3,0,0,0,0,0,0,0,0,0
325,South Shore Health,Female,20 - 34,49.6,0,0,0,0,0,0,0,0,0,0,0,0,0,0,0,0,0,0,16.5,0,0,0,0,16.5,0,0,0,0,0,0,0,0,0,4.1,0,0,4.1,0,0,0,8.3,0,0,0,0,0,0,0,0,0
326,South Shore Health,Female,35 - 64,345.6,14.1,0,0,0,0,0,0,36.4,0,0,0,0,0,0,0,24.3,0,0,125.3,0,26.3,0,0,44.5,0,0,0,0,20.2,0,0,0,0,8.1,0,0,16.2,0,0,0,30.3,0,0,0,0,0,0,0,0,0
327,South Shore Health,Female,65 -74,997,43.8,0,0,0,0,0,0,142.4,0,0,0,0,0,0,0,158.9,0,0,317.7,0,49.3,0,0,131.5,0,0,0,0,54.8,0,0,0,0,27.4,0,0,38.3,0,0,0,32.9,0,0,0,0,0,0,0,0,0
328,South Shore Health,Female,75 +,1659.3,10.2,0,0,0,0,0,0,381.6,0,0,0,0,0,0,0,238.5,0,0,388.4,0,78.4,0,0,156.7,0,0,0,0,115.8,0,0,0,0,68.1,0,0,75,0,0,0,146.5,0,0,0,0,0,0,0,0,0
329,South Shore Health,Female,Total,372.9,8.8,0,0,0,0,0,0,60.4,0,0,0,0,0,0,0,47.1,0,0,104.7,0,20.6,0,0,44.7,0,0,0,0,23.7,0,0,0,0,15.2,0,0,18.3,0,0,0,29.4,0,0,0,0,0,0,0,0,0
330,South Shore Health,Male,0 - 19,28.4,0,0,0,0,0,0,0,0,0,0,0,0,0,0,0,0,0,0,0,0,5.7,0,0,0,0,0,0,0,2.8,0,0,0,0,5.7,0,0,2.8,0,0,0,11.4,0,0,0,0,0,0,0,0,0
331,South Shore Health,Male,20 - 34,51.3,0,0,0,0,0,0,0,4,0,0,0,0,0,0,0,4,0,0,4,0,11.8,0,0,0,0,0,0,0,11.8,0,0,0,0,4,0,0,7.9,0,0,0,4,0,0,0,0,0,0,0,0,0
332,South Shore Health,Male,35 - 64,290,18.3,0,0,0,0,0,0,48.7,0,0,0,0,0,0,0,38.5,0,0,4.1,0,20.3,0,0,0,0,0,0,0,81.1,0,0,0,0,32.4,0,0,8.1,0,0,0,38.5,0,0,0,0,0,0,0,0,0
333,South Shore Health,Male,65 -74,1232,82.9,0,0,0,0,0,0,187.8,0,0,0,0,0,0,0,226.5,0,0,0,0,44.2,0,0,0,0,0,0,0,547,0,0,0,0,44.2,0,0,49.7,0,0,0,49.7,0,0,0,0,0,0,0,0,0
334,South Shore Health,Male,75 +,2942.3,90.1,0,0,0,0,0,0,664.8,0,0,0,0,0,0,0,527.6,0,0,4.3,0,90.1,0,0,0,0,0,0,0,1158.1,0,0,0,0,137.3,0,0,85.8,0,0,0,184.4,0,0,0,0,0,0,0,0,0
335,South Shore Health,Male,Total,530.3,21.6,0,0,0,0,0,0,102.1,0,0,0,0,0,0,0,88.4,0,0,2.5,0,23.4,0,0,0,0,0,0,0,203.8,0,0,0,0,30.8,0,0,18.8,0,0,0,39.1,0,0,0,0,0,0,0,0,0
336,South Shore Health,Total,0 - 19,25.3,0,0,0,0,0,0,0,0,0,0,0,0,0,0,0,0,0,0,0,0,4.5,0,0,0,0,0,0,0,1.5,0,0,0,0,6,0,0,4.5,0,0,0,8.9,0,0,0,0,0,0,0,0,0
337,South Shore Health,Total,20 - 34,50.5,0,0,0,0,0,0,0,2,0,0,0,0,0,0,0,2,0,0,10.1,0,6.1,0,0,8.1,0,0,0,0,6.1,0,0,0,0,4,0,0,6.1,0,0,0,6.1,0,0,0,0,0,0,0,0,0
338,South Shore Health,Total,35 - 64,317.8,16.2,0,0,0,0,0,0,42.5,0,0,0,0,0,0,0,31.4,0,0,64.8,0,23.3,0,0,22.3,0,0,0,0,50.6,0,0,0,0,20.2,0,0,12.1,0,0,0,34.4,0,0,0,0,0,0,0,0,0
339,South Shore Health,Total,65 -74,1114,63.3,0,0,0,0,0,0,165,0,0,0,0,0,0,0,192.5,0,0,159.5,0,46.8,0,0,66,0,0,0,0,299.8,0,0,0,0,35.8,0,0,44,0,0,0,41.3,0,0,0,0,0,0,0,0,0
340,South Shore Health,Total,75 +,2227.3,45.6,0,0,0,0,0,0,507,0,0,0,0,0,0,0,366.5,0,0,218.4,0,83.5,0,0,87.3,0,0,0,0,577.2,0,0,0,0,98.7,0,0,79.7,0,0,0,163.3,0,0,0,0,0,0,0,0,0
341,South Shore Health,Total,Total,442.9,14.7,0,0,0,0,0,0,79.2,0,0,0,0,0,0,0,65.6,0,0,55.8,0,21.8,0,0,23.1,0,0,0,0,107.9,0,0,0,0,22.3,0,0,18.4,0,0,0,34.1,0,0,0,0,0,0,0,0,0
342,South West Health,Female,0 - 19,10.6,0,0,0,0,0,0,0,2.7,0,0,0,0,0,0,0,0,0,0,0,0,0,0,0,0,0,0,0,0,0,0,0,0,0,0,0,0,0,0,0,0,8,0,0,0,0,0,0,0,0,0
343,South West Health,Female,20 - 34,42.1,0,0,0,0,0,0,0,0,0,0,0,0,0,0,0,3.5,0,0,10.5,0,3.5,0,0,14,0,0,0,0,0,0,0,0,0,0,0,0,0,0,0,0,10.5,0,0,0,0,0,0,0,0,0
344,South West Health,Female,35 - 64,345.1,8.1,0,0,0,0,0,0,42.4,0,0,0,0,0,0,0,28.3,0,0,109,0,16.1,0,0,60.6,0,0,0,0,22.2,0,0,0,0,16.1,0,0,10.1,0,0,0,32.3,0,0,0,0,0,0,0,0,0
345,South West Health,Female,65 -74,913.1,5.8,0,0,0,0,0,0,162.8,0,0,0,0,0,0,0,127.9,0,0,337.3,0,17.4,0,0,110.5,0,0,0,0,34.9,0,0,0,0,46.5,0,0,23.3,0,0,0,46.5,0,0,0,0,0,0,0,0,0
346,South West Health,Female,75 +,1783.1,29.9,0,0,0,0,0,0,492.3,0,0,0,0,0,0,0,282.8,0,0,395.9,0,23.3,0,0,149.7,0,0,0,0,116.4,0,0,0,0,56.6,0,0,103.1,0,0,0,133.1,0,0,0,0,0,0,0,0,0
347,South West Health,Female,Total,372.2,5.3,0,0,0,0,0,0,76.4,0,0,0,0,0,0,0,51.3,0,0,102.2,0,8.9,0,0,45.6,0,0,0,0,21.5,0,0,0,0,14.7,0,0,15.2,0,0,0,31.1,0,0,0,0,0,0,0,0,0
348,South West Health,Male,0 - 19,15.5,0,0,0,0,0,0,0,0,0,0,0,0,0,0,0,0,0,0,0,0,0,0,0,0,0,0,0,0,2.6,0,0,0,0,2.6,0,0,0,0,0,0,10.3,0,0,0,0,0,0,0,0,0
349,South West Health,Male,20 - 34,30.4,0,0,0,0,0,0,0,0,0,0,0,0,0,0,0,3.4,0,0,0,0,0,0,0,0,0,0,0,0,6.8,0,0,0,0,13.5,0,0,3.4,0,0,0,3.4,0,0,0,0,0,0,0,0,0
350,South West Health,Male,35 - 64,265.6,13.9,0,0,0,0,0,0,55.5,0,0,0,0,0,0,0,47.6,0,0,2,0,13.9,0,0,0,0,0,0,0,83.2,0,0,0,0,21.8,0,0,15.9,0,0,0,11.9,0,0,0,0,0,0,0,0,0
351,South West Health,Male,65 -74,1147.2,75.3,0,0,0,0,0,0,260.7,0,0,0,0,0,0,0,249.1,0,0,0,0,52.1,0,0,0,0,0,0,0,370.8,0,0,0,0,57.9,0,0,11.6,0,0,0,69.5,0,0,0,0,0,0,0,0,0
352,South West Health,Male,75 +,2905,89.4,0,0,0,0,0,0,661.5,0,0,0,0,0,0,0,603.4,0,0,0,0,58.1,0,0,0,0,0,0,0,1112.8,0,0,0,0,62.6,0,0,143,0,0,0,174.3,0,0,0,0,0,0,0,0,0
353,South West Health,Male,Total,496.9,19.4,0,0,0,0,0,0,107.2,0,0,0,0,0,0,0,102.5,0,0,0.4,0,14.6,0,0,0,0,0,0,0,178.4,0,0,0,0,21.2,0,0,20.8,0,0,0,32.4,0,0,0,0,0,0,0,0,0
354,South West Health,Total,0 - 19,13.1,0,0,0,0,0,0,0,1.3,0,0,0,0,0,0,0,0,0,0,0,0,0,0,0,0,0,0,0,0,1.3,0,0,0,0,1.3,0,0,0,0,0,0,9.2,0,0,0,0,0,0,0,0,0
355,South West Health,Total,20 - 34,36.1,0,0,0,0,0,0,0,0,0,0,0,0,0,0,0,3.4,0,0,5.2,0,1.7,0,0,6.9,0,0,0,0,3.4,0,0,0,0,6.9,0,0,1.7,0,0,0,6.9,0,0,0,0,0,0,0,0,0
356,South West Health,Total,35 - 64,305,11,0,0,0,0,0,0,49,0,0,0,0,0,0,0,38,0,0,55,0,15,0,0,30,0,0,0,0,53,0,0,0,0,19,0,0,13,0,0,0,22,0,0,0,0,0,0,0,0,0
357,South West Health,Total,65 -74,1030.3,40.6,0,0,0,0,0,0,211.9,0,0,0,0,0,0,0,188.7,0,0,168.3,0,34.8,0,0,55.1,0,0,0,0,203.2,0,0,0,0,52.2,0,0,17.4,0,0,0,58,0,0,0,0,0,0,0,0,0
358,South West Health,Total,75 +,2261.8,55.3,0,0,0,0,0,0,564.5,0,0,0,0,0,0,0,419.6,0,0,226.9,0,38.1,0,0,85.8,0,0,0,0,541.6,0,0,0,0,59.1,0,0,120.1,0,0,0,150.7,0,0,0,0,0,0,0,0,0
359,South West Health,Total,Total,425,12,0,0,0,0,0,0,90,0,0,0,0,0,0,0,74.3,0,0,54.1,0,11.5,0,0,23.8,0,0,0,0,92.3,0,0,0,0,18,0,0,17.7,0,0,0,31.4,0,0,0,0,0,0,0,0,0
360,Annapolis Valley Health,Female,0 - 19,7.8,0,0,0,0,0,0,0,0,0,0,0,0,0,0,0,0,0,0,0,0,0,0,0,2,0,0,0,0,0,0,0,0,0,3.9,0,0,0,0,0,0,2,0,0,0,0,0,0,0,0,0
361,Annapolis Valley Health,Female,20 - 34,46.5,0,0,0,0,0,0,0,5.5,0,0,0,0,0,0,0,0,0,0,0,0,8.2,0,0,10.9,0,0,0,0,0,0,0,0,0,5.5,0,0,0,0,0,0,16.4,0,0,0,0,0,0,0,0,0
362,Annapolis Valley Health,Female,35 - 64,301.9,7.7,0,0,0,0,0,0,33.9,0,0,0,0,0,0,0,24.6,0,0,124.8,0,32.3,0,0,24.6,0,0,0,0,13.9,0,0,0,0,10.8,0,0,12.3,0,0,0,16.9,0,0,0,0,0,0,0,0,0
363,Annapolis Valley Health,Female,65 -74,869.6,22.2,0,0,0,0,0,0,110.9,0,0,0,0,0,0,0,124.2,0,0,301.7,0,26.6,0,0,124.2,0,0,0,0,35.5,0,0,0,0,26.6,0,0,39.9,0,0,0,57.7,0,0,0,0,0,0,0,0,0
364,Annapolis Valley Health,Female,75 +,1625.8,28.7,0,0,0,0,0,0,438.7,0,0,0,0,0,0,0,252.3,0,0,358.4,0,31.5,0,0,160.6,0,0,0,0,91.8,0,0,0,0,48.7,0,0,74.6,0,0,0,140.5,0,0,0,0,0,0,0,0,0
365,Annapolis Valley Health,Female,Total,348.1,6.8,0,0,0,0,0,0,66.6,0,0,0,0,0,0,0,46.7,0,0,97.4,0,16.7,0,0,38.5,0,0,0,0,16.3,0,0,0,0,13.7,0,0,15.1,0,0,0,30.3,0,0,0,0,0,0,0,0,0
366,Annapolis Valley Health,Male,0 - 19,16.9,0,0,0,0,0,0,0,0,0,0,0,0,0,0,0,0,0,0,0,0,0,0,0,0,0,0,0,0,5.6,0,0,0,0,1.9,0,0,5.6,0,0,0,3.8,0,0,0,0,0,0,0,0,0
367,Annapolis Valley Health,Male,20 - 34,44.4,0,0,0,0,0,0,0,2.8,0,0,0,0,0,0,0,0,0,0,0,0,8.3,0,0,0,0,0,0,0,16.6,0,0,0,0,5.6,0,0,0,0,0,0,11.1,0,0,0,0,0,0,0,0,0
368,Annapolis Valley Health,Male,35 - 64,236.1,16.9,0,0,0,0,0,0,42.9,0,0,0,0,0,0,0,35.3,0,0,1.5,0,30.7,0,0,0,0,0,0,0,50.6,0,0,0,0,16.9,0,0,13.8,0,0,0,27.6,0,0,0,0,0,0,0,0,0
369,Annapolis Valley Health,Male,65 -74,1195.6,55,0,0,0,0,0,0,229,0,0,0,0,0,0,0,174.1,0,0,4.6,0,32.1,0,0,0,0,0,0,0,508.5,0,0,0,0,50.4,0,0,50.4,0,0,0,91.6,0,0,0,0,0,0,0,0,0
370,Annapolis Valley Health,Male,75 +,2831.4,91.9,0,0,0,0,0,0,610.4,0,0,0,0,0,0,0,570,0,0,0,0,99.3,0,0,0,0,0,0,0,1103.1,0,0,0,0,80.9,0,0,125,0,0,0,150.8,0,0,0,0,0,0,0,0,0
371,Annapolis Valley Health,Male,Total,503.3,19.7,0,0,0,0,0,0,101.3,0,0,0,0,0,0,0,88.4,0,0,0.8,0,24.1,0,0,0,0,0,0,0,188.8,0,0,0,0,19.9,0,0,23.8,0,0,0,36.4,0,0,0,0,0,0,0,0,0
372,Annapolis Valley Health,Total,0 - 19,12.4,0,0,0,0,0,0,0,0,0,0,0,0,0,0,0,0,0,0,0,0,0,0,0,1,0,0,0,0,2.9,0,0,0,0,2.9,0,0,2.9,0,0,0,2.9,0,0,0,0,0,0,0,0,0
373,Annapolis Valley Health,Total,20 - 34,45.4,0,0,0,0,0,0,0,4.1,0,0,0,0,0,0,0,0,0,0,0,0,8.3,0,0,5.5,0,0,0,0,8.3,0,0,0,0,5.5,0,0,0,0,0,0,13.8,0,0,0,0,0,0,0,0,0
374,Annapolis Valley Health,Total,35 - 64,268.9,12.3,0,0,0,0,0,0,38.4,0,0,0,0,0,0,0,30,0,0,63,0,31.5,0,0,12.3,0,0,0,0,32.3,0,0,0,0,13.8,0,0,13.1,0,0,0,22.3,0,0,0,0,0,0,0,0,0
375,Annapolis Valley Health,Total,65 -74,1030,38.3,0,0,0,0,0,0,169,0,0,0,0,0,0,0,148.7,0,0,155.5,0,29.3,0,0,63.1,0,0,0,0,268.2,0,0,0,0,38.3,0,0,45.1,0,0,0,74.4,0,0,0,0,0,0,0,0,0
376,Annapolis Valley Health,Total,75 +,2154,56.4,0,0,0,0,0,0,513.9,0,0,0,0,0,0,0,391.5,0,0,201.4,0,61.2,0,0,90.2,0,0,0,0,534.9,0,0,0,0,62.8,0,0,96.7,0,0,0,145,0,0,0,0,0,0,0,0,0
377,Annapolis Valley Health,Total,Total,416.5,12.8,0,0,0,0,0,0,81.7,0,0,0,0,0,0,0,65.6,0,0,51.6,0,20.1,0,0,20.4,0,0,0,0,95.8,0,0,0,0,16.4,0,0,19.1,0,0,0,33.1,0,0,0,0,0,0,0,0,0
378,Colchester East Hants Health Authority,Female,0 - 19,17.3,0,0,0,0,0,0,0,2.2,0,0,0,0,0,0,0,0,0,0,0,0,0,0,0,0,0,0,0,0,0,0,0,0,0,4.3,0,0,6.5,0,0,0,4.3,0,0,0,0,0,0,0,0,0
379,Colchester East Hants Health Authority,Female,20 - 34,73.6,0,0,0,0,0,0,0,0,0,0,0,0,0,0,0,0,0,0,11.8,0,8.8,0,0,23.6,0,0,0,0,0,0,0,0,0,5.9,0,0,5.9,0,0,0,17.7,0,0,0,0,0,0,0,0,0
380,Colchester East Hants Health Authority,Female,35 - 64,349.8,5.1,0,0,0,0,0,0,41.2,0,0,0,0,0,0,0,32.6,0,0,137.2,0,25.7,0,0,53.2,0,0,0,0,3.4,0,0,0,0,22.3,0,0,10.3,0,0,0,18.9,0,0,0,0,0,0,0,0,0
381,Colchester East Hants Health Authority,Female,65 -74,830.2,27.1,0,0,0,0,0,0,124.8,0,0,0,0,0,0,0,103.1,0,0,325.6,0,21.7,0,0,130.2,0,0,0,0,16.3,0,0,0,0,32.6,0,0,10.9,0,0,0,38,0,0,0,0,0,0,0,0,0
382,Colchester East Hants Health Authority,Female,75 +,1700.7,22.7,0,0,0,0,0,0,461.1,0,0,0,0,0,0,0,298.6,0,0,351.5,0,52.9,0,0,158.7,0,0,0,0,94.5,0,0,0,0,90.7,0,0,56.7,0,0,0,113.4,0,0,0,0,0,0,0,0,0
383,Colchester East Hants Health Authority,Female,Total,370,6.2,0,0,0,0,0,0,69,0,0,0,0,0,0,0,50.3,0,0,105.3,0,16.8,0,0,48.6,0,0,0,0,13.1,0,0,0,0,21.2,0,0,13.4,0,0,0,26.1,0,0,0,0,0,0,0,0,0
384,Colchester East Hants Health Authority,Male,0 - 19,20.1,2,0,0,0,0,0,0,0,0,0,0,0,0,0,0,0,0,0,0,0,0,0,0,0,0,0,0,0,0,0,0,0,0,2,0,0,8.1,0,0,0,8.1,0,0,0,0,0,0,0,0,0
385,Colchester East Hants Health Authority,Male,20 - 34,56.4,0,0,0,0,0,0,0,3,0,0,0,0,0,0,0,3,0,0,0,0,8.9,0,0,0,0,0,0,0,17.8,0,0,0,0,14.8,0,0,0,0,0,0,8.9,0,0,0,0,0,0,0,0,0
386,Colchester East Hants Health Authority,Male,35 - 64,251.5,17,0,0,0,0,0,0,51,0,0,0,0,0,0,0,30.6,0,0,0,0,30.6,0,0,0,0,0,0,0,52.7,0,0,0,0,34,0,0,5.1,0,0,0,30.6,0,0,0,0,0,0,0,0,0
387,Colchester East Hants Health Authority,Male,65 -74,1117.8,65.8,0,0,0,0,0,0,263,0,0,0,0,0,0,0,213.7,0,0,0,0,43.8,0,0,0,0,0,0,0,389,0,0,0,0,27.4,0,0,21.9,0,0,0,93.2,0,0,0,0,0,0,0,0,0
388,Colchester East Hants Health Authority,Male,75 +,2853,148.4,0,0,0,0,0,0,584,0,0,0,0,0,0,0,593.6,0,0,4.8,0,47.9,0,0,0,0,0,0,0,1129.7,0,0,0,0,100.5,0,0,95.7,0,0,0,148.4,0,0,0,0,0,0,0,0,0
389,Colchester East Hants Health Authority,Male,Total,509,28.1,0,0,0,0,0,0,103.6,0,0,0,0,0,0,0,95.1,0,0,0.6,0,19.4,0,0,0,0,0,0,0,181.1,0,0,0,0,26.7,0,0,17,0,0,0,37.5,0,0,0,0,0,0,0,0,0
390,Colchester East Hants Health Authority,Total,0 - 19,18.8,1,0,0,0,0,0,0,1,0,0,0,0,0,0,0,0,0,0,0,0,0,0,0,0,0,0,0,0,0,0,0,0,0,3.1,0,0,7.3,0,0,0,6.3,0,0,0,0,0,0,0,0,0
391,Colchester East Hants Health Authority,Total,20 - 34,65,0,0,0,0,0,0,0,1.5,0,0,0,0,0,0,0,1.5,0,0,5.9,0,8.9,0,0,11.8,0,0,0,0,8.9,0,0,0,0,10.3,0,0,3,0,0,0,13.3,0,0,0,0,0,0,0,0,0
392,Colchester East Hants Health Authority,Total,35 - 64,300.4,11.1,0,0,0,0,0,0,46.1,0,0,0,0,0,0,0,31.6,0,0,68.3,0,28.2,0,0,26.5,0,0,0,0,28.2,0,0,0,0,28.2,0,0,7.7,0,0,0,24.8,0,0,0,0,0,0,0,0,0
393,Colchester East Hants Health Authority,Total,65 -74,973.3,46.3,0,0,0,0,0,0,193.6,0,0,0,0,0,0,0,158.1,0,0,163.6,0,32.7,0,0,65.4,0,0,0,0,201.7,0,0,0,0,30,0,0,16.4,0,0,0,65.4,0,0,0,0,0,0,0,0,0
394,Colchester East Hants Health Authority,Total,75 +,2209.1,78.1,0,0,0,0,0,0,515.3,0,0,0,0,0,0,0,428.7,0,0,198.5,0,50.7,0,0,88.7,0,0,0,0,551.2,0,0,0,0,95,0,0,73.9,0,0,0,128.8,0,0,0,0,0,0,0,0,0
395,Colchester East Hants Health Authority,Total,Total,429.5,15.8,0,0,0,0,0,0,85.3,0,0,0,0,0,0,0,70.8,0,0,54.9,0,18.1,0,0,25.3,0,0,0,0,89.5,0,0,0,0,23.9,0,0,14.5,0,0,0,31.5,0,0,0,0,0,0,0,0,0
396,Cumberland Health Authority,Female,0 - 19,10.7,0,0,0,0,0,0,0,0,0,0,0,0,0,0,0,0,0,0,0,0,0,0,0,0,0,0,0,0,5.4,0,0,0,0,0,0,0,0,0,0,0,5.4,0,0,0,0,0,0,0,0,0
397,Cumberland Health Authority,Female,20 - 34,74.3,0,0,0,0,0,0,0,7.4,0,0,0,0,0,0,0,0,0,0,0,0,7.4,0,0,14.9,0,0,0,0,7.4,0,0,0,0,14.9,0,0,0,0,0,0,22.3,0,0,0,0,0,0,0,0,0
398,Cumberland Health Authority,Female,35 - 64,375.9,12,0,0,0,0,0,0,36,0,0,0,0,0,0,0,28,0,0,148,0,20,0,0,60,0,0,0,0,4,0,0,0,0,36,0,0,4,0,0,0,28,0,0,0,0,0,0,0,0,0
399,Cumberland Health Authority,Female,65 -74,856.7,20.4,0,0,0,0,0,0,142.8,0,0,0,0,0,0,0,153,0,0,295.8,0,30.6,0,0,61.2,0,0,0,0,30.6,0,0,0,0,40.8,0,0,30.6,0,0,0,51,0,0,0,0,0,0,0,0,0
400,Cumberland Health Authority,Female,75 +,1778.8,16.7,0,0,0,0,0,0,522.5,0,0,0,0,0,0,0,283.5,0,0,422.5,0,27.8,0,0,127.8,0,0,0,0,105.6,0,0,0,0,83.4,0,0,77.8,0,0,0,111.2,0,0,0,0,0,0,0,0,0
401,Cumberland Health Authority,Female,Total,379.1,6.2,0,0,0,0,0,0,75.9,0,0,0,0,0,0,0,50.6,0,0,107.8,0,13.2,0,0,40,0,0,0,0,17.7,0,0,0,0,25.4,0,0,11,0,0,0,31.2,0,0,0,0,0,0,0,0,0
402,Cumberland Health Authority,Male,0 - 19,10,0,0,0,0,0,0,0,0,0,0,0,0,0,0,0,0,0,0,0,0,0,0,0,0,0,0,0,0,0,0,0,0,0,0,0,0,5,0,0,0,5,0,0,0,0,0,0,0,0,0
403,Cumberland Health Authority,Male,20 - 34,88.8,0,0,0,0,0,0,0,0,0,0,0,0,0,0,0,0,0,0,0,0,13.7,0,0,0,0,0,0,0,20.5,0,0,0,0,27.3,0,0,0,0,0,0,27.3,0,0,0,0,0,0,0,0,0
404,Cumberland Health Authority,Male,35 - 64,282.3,23.9,0,0,0,0,0,0,59.6,0,0,0,0,0,0,0,31.8,0,0,0,0,31.8,0,0,0,0,0,0,0,63.6,0,0,0,0,35.8,0,0,11.9,0,0,0,23.9,0,0,0,0,0,0,0,0,0
405,Cumberland Health Authority,Male,65 -74,1225.1,40.8,0,0,0,0,0,0,285.9,0,0,0,0,0,0,0,183.8,0,0,0,0,71.5,0,0,0,0,0,0,0,469.6,0,0,0,0,71.5,0,0,20.4,0,0,0,81.7,0,0,0,0,0,0,0,0,0
406,Cumberland Health Authority,Male,75 +,2944.9,78.7,0,0,0,0,0,0,700.8,0,0,0,0,0,0,0,692.9,0,0,7.9,0,39.4,0,0,0,0,0,0,0,1047.2,0,0,0,0,86.6,0,0,118.1,0,0,0,173.2,0,0,0,0,0,0,0,0,0
407,Cumberland Health Authority,Male,Total,531.1,18,0,0,0,0,0,0,117.4,0,0,0,0,0,0,0,101.8,0,0,0.8,0,23,0,0,0,0,0,0,0,179.2,0,0,0,0,31.1,0,0,19,0,0,0,40.8,0,0,0,0,0,0,0,0,0
408,Cumberland Health Authority,Total,0 - 19,10.4,0,0,0,0,0,0,0,0,0,0,0,0,0,0,0,0,0,0,0,0,0,0,0,0,0,0,0,0,2.6,0,0,0,0,0,0,0,2.6,0,0,0,5.2,0,0,0,0,0,0,0,0,0
409,Cumberland Health Authority,Total,20 - 34,81.8,0,0,0,0,0,0,0,3.6,0,0,0,0,0,0,0,0,0,0,0,0,10.7,0,0,7.1,0,0,0,0,14.2,0,0,0,0,21.3,0,0,0,0,0,0,24.9,0,0,0,0,0,0,0,0,0
410,Cumberland Health Authority,Total,35 - 64,328.9,17.9,0,0,0,0,0,0,47.8,0,0,0,0,0,0,0,29.9,0,0,73.8,0,25.9,0,0,29.9,0,0,0,0,33.9,0,0,0,0,35.9,0,0,8,0,0,0,25.9,0,0,0,0,0,0,0,0,0
411,Cumberland Health Authority,Total,65 -74,1040.8,30.6,0,0,0,0,0,0,214.3,0,0,0,0,0,0,0,168.4,0,0,148,0,51,0,0,30.6,0,0,0,0,250,0,0,0,0,56.1,0,0,25.5,0,0,0,66.3,0,0,0,0,0,0,0,0,0
412,Cumberland Health Authority,Total,75 +,2261.3,42.4,0,0,0,0,0,0,596.3,0,0,0,0,0,0,0,452.9,0,0,250.9,0,32.6,0,0,74.9,0,0,0,0,495.3,0,0,0,0,84.7,0,0,94.5,0,0,0,136.9,0,0,0,0,0,0,0,0,0
413,Cumberland Health Authority,Total,Total,445.4,11.7,0,0,0,0,0,0,95.1,0,0,0,0,0,0,0,72.8,0,0,57.8,0,18.1,0,0,21,0,0,0,0,90.8,0,0,0,0,28.2,0,0,14.4,0,0,0,35.6,0,0,0,0,0,0,0,0,0
414,Pictou County Health Authority,Female,0 - 19,13.7,0,0,0,0,0,0,0,0,0,0,0,0,0,0,0,0,0,0,0,0,0,0,0,0,0,0,0,0,0,0,0,0,0,3.4,0,0,3.4,0,0,0,6.9,0,0,0,0,0,0,0,0,0
415,Pictou County Health Authority,Female,20 - 34,68.9,0,0,0,0,0,0,0,4.6,0,0,0,0,0,0,0,0,0,0,4.6,0,13.8,0,0,23,0,0,0,0,0,0,0,0,0,4.6,0,0,0,0,0,0,18.4,0,0,0,0,0,0,0,0,0
416,Pictou County Health Authority,Female,35 - 64,373.1,7.9,0,0,0,0,0,0,31.8,0,0,0,0,0,0,0,52.9,0,0,132.3,0,31.8,0,0,58.2,0,0,0,0,2.7,0,0,0,0,13.2,0,0,18.5,0,0,0,23.8,0,0,0,0,0,0,0,0,0
417,Pictou County Health Authority,Female,65 -74,963.1,8,0,0,0,0,0,0,176.6,0,0,0,0,0,0,0,152.5,0,0,345.1,0,16.1,0,0,112.4,0,0,0,0,48.2,0,0,0,0,40.1,0,0,40.1,0,0,0,24.1,0,0,0,0,0,0,0,0,0
418,Pictou County Health Authority,Female,75 +,1742.1,31.5,0,0,0,0,0,0,445.6,0,0,0,0,0,0,0,297.1,0,0,391.6,0,31.5,0,0,166.6,0,0,0,0,99,0,0,0,0,49.5,0,0,81,0,0,0,148.5,0,0,0,0,0,0,0,0,0
419,Pictou County Health Authority,Female,Total,380.8,5.5,0,0,0,0,0,0,66.1,0,0,0,0,0,0,0,60.8,0,0,104,0,15.3,0,0,51.7,0,0,0,0,15.9,0,0,0,0,14.8,0,0,17.2,0,0,0,29.5,0,0,0,0,0,0,0,0,0
420,Pictou County Health Authority,Male,0 - 19,6.6,0,0,0,0,0,0,0,0,0,0,0,0,0,0,0,0,0,0,0,0,0,0,0,0,0,0,0,0,0,0,0,0,0,3.3,0,0,0,0,0,0,3.3,0,0,0,0,0,0,0,0,0
421,Pictou County Health Authority,Male,20 - 34,36.3,0,0,0,0,0,0,0,0,0,0,0,0,0,0,0,0,0,0,0,0,4.5,0,0,0,0,0,0,0,9.1,0,0,0,0,9.1,0,0,0,0,0,0,13.6,0,0,0,0,0,0,0,0,0
422,Pictou County Health Authority,Male,35 - 64,253.8,10.7,0,0,0,0,0,0,48.1,0,0,0,0,0,0,0,32.1,0,0,2.7,0,13.4,0,0,0,0,0,0,0,77.5,0,0,0,0,13.4,0,0,21.4,0,0,0,34.7,0,0,0,0,0,0,0,0,0
423,Pictou County Health Authority,Male,65 -74,1157,47.2,0,0,0,0,0,0,251.9,0,0,0,0,0,0,0,267.6,0,0,0,0,31.5,0,0,0,0,0,0,0,417.2,0,0,0,0,47.2,0,0,23.6,0,0,0,70.8,0,0,0,0,0,0,0,0,0
424,Pictou County Health Authority,Male,75 +,3158.2,91.9,0,0,0,0,0,0,722.3,0,0,0,0,0,0,0,597.5,0,0,0,0,65.7,0,0,0,0,0,0,0,1300.1,0,0,0,0,72.2,0,0,137.9,0,0,0,170.7,0,0,0,0,0,0,0,0,0
425,Pictou County Health Authority,Male,Total,529.8,16.8,0,0,0,0,0,0,112.8,0,0,0,0,0,0,0,100.1,0,0,0.5,0,14.5,0,0,0,0,0,0,0,205.6,0,0,0,0,18.9,0,0,22.9,0,0,0,37.7,0,0,0,0,0,0,0,0,0
426,Pictou County Health Authority,Total,0 - 19,10.1,0,0,0,0,0,0,0,0,0,0,0,0,0,0,0,0,0,0,0,0,0,0,0,0,0,0,0,0,0,0,0,0,0,3.4,0,0,1.7,0,0,0,5.1,0,0,0,0,0,0,0,0,0
427,Pictou County Health Authority,Total,20 - 34,52.5,0,0,0,0,0,0,0,2.3,0,0,0,0,0,0,0,0,0,0,2.3,0,9.1,0,0,11.4,0,0,0,0,4.6,0,0,0,0,6.9,0,0,0,0,0,0,16,0,0,0,0,0,0,0,0,0
428,Pictou County Health Authority,Total,35 - 64,313.7,9.3,0,0,0,0,0,0,39.9,0,0,0,0,0,0,0,42.5,0,0,67.8,0,22.6,0,0,29.2,0,0,0,0,39.9,0,0,0,0,13.3,0,0,19.9,0,0,0,29.2,0,0,0,0,0,0,0,0,0
429,Pictou County Health Authority,Total,65 -74,1061,27.8,0,0,0,0,0,0,214.6,0,0,0,0,0,0,0,210.6,0,0,170.9,0,23.8,0,0,55.6,0,0,0,0,234.5,0,0,0,0,43.7,0,0,31.8,0,0,0,47.7,0,0,0,0,0,0,0,0,0
430,Pictou County Health Authority,Total,75 +,2318.1,56.1,0,0,0,0,0,0,558.2,0,0,0,0,0,0,0,419.3,0,0,232.3,0,45.4,0,0,98.8,0,0,0,0,587.5,0,0,0,0,58.8,0,0,104.2,0,0,0,157.6,0,0,0,0,0,0,0,0,0
431,Pictou County Health Authority,Total,Total,442,10.6,0,0,0,0,0,0,86.4,0,0,0,0,0,0,0,77.5,0,0,56.1,0,14.6,0,0,27.3,0,0,0,0,100.6,0,0,0,0,16.5,0,0,19.3,0,0,0,33.1,0,0,0,0,0,0,0,0,0
432,Guysborough Antigonish Strait Health Authority,Female,0 - 19,13,3.2,0,0,0,0,0,0,0,0,0,0,0,0,0,0,0,0,0,0,0,0,0,0,0,0,0,0,0,0,0,0,0,0,0,0,0,6.5,0,0,0,3.2,0,0,0,0,0,0,0,0,0
433,Guysborough Antigonish Strait Health Authority,Female,20 - 34,52.1,0,0,0,0,0,0,0,0,0,0,0,0,0,0,0,0,0,0,9.5,0,0,0,0,4.7,0,0,0,0,0,0,0,0,0,14.2,0,0,9.5,0,0,0,14.2,0,0,0,0,0,0,0,0,0
434,Guysborough Antigonish Strait Health Authority,Female,35 - 64,317.8,5.4,0,0,0,0,0,0,29.9,0,0,0,0,0,0,0,29.9,0,0,146.7,0,19,0,0,29.9,0,0,0,0,10.9,0,0,0,0,13.6,0,0,10.9,0,0,0,21.7,0,0,0,0,0,0,0,0,0
435,Guysborough Antigonish Strait Health Authority,Female,65 -74,876.6,23.1,0,0,0,0,0,0,100,0,0,0,0,0,0,0,153.8,0,0,276.8,0,23.1,0,0,169.2,0,0,0,0,30.8,0,0,0,0,23.1,0,0,30.8,0,0,0,46.1,0,0,0,0,0,0,0,0,0
436,Guysborough Antigonish Strait Health Authority,Female,75 +,1726.3,30,0,0,0,0,0,0,470.4,0,0,0,0,0,0,0,280.2,0,0,380.3,0,40,0,0,155.1,0,0,0,0,105.1,0,0,0,0,60,0,0,45,0,0,0,160.1,0,0,0,0,0,0,0,0,0
437,Guysborough Antigonish Strait Health Authority,Female,Total,358.9,8.1,0,0,0,0,0,0,64.7,0,0,0,0,0,0,0,51.7,0,0,103.6,0,10.9,0,0,41.7,0,0,0,0,17.8,0,0,0,0,15.7,0,0,13.4,0,0,0,31.2,0,0,0,0,0,0,0,0,0
438,Guysborough Antigonish Strait Health Authority,Male,0 - 19,9.4,0,0,0,0,0,0,0,0,0,0,0,0,0,0,0,0,0,0,0,0,0,0,0,0,0,0,0,0,0,0,0,0,0,0,0,0,3.1,0,0,0,6.2,0,0,0,0,0,0,0,0,0
439,Guysborough Antigonish Strait Health Authority,Male,20 - 34,54.8,4.6,0,0,0,0,0,0,4.6,0,0,0,0,0,0,0,4.6,0,0,0,0,9.1,0,0,0,0,0,0,0,18.3,0,0,0,0,9.1,0,0,4.6,0,0,0,0,0,0,0,0,0,0,0,0,0
440,Guysborough Antigonish Strait Health Authority,Male,35 - 64,202.4,13.5,0,0,0,0,0,0,45.9,0,0,0,0,0,0,0,21.6,0,0,0,0,16.2,0,0,0,0,0,0,0,54,0,0,0,0,24.3,0,0,13.5,0,0,0,13.5,0,0,0,0,0,0,0,0,0
441,Guysborough Antigonish Strait Health Authority,Male,65 -74,1228.2,83.4,0,0,0,0,0,0,288.1,0,0,0,0,0,0,0,227.4,0,0,7.6,0,37.9,0,0,0,0,0,0,0,462.5,0,0,0,0,60.7,0,0,15.2,0,0,0,45.5,0,0,0,0,0,0,0,0,0
442,Guysborough Antigonish Strait Health Authority,Male,75 +,3327.1,150.1,0,0,0,0,0,0,788,0,0,0,0,0,0,0,644.2,0,0,0,0,87.6,0,0,0,0,0,0,0,1257,0,0,0,0,68.8,0,0,106.3,0,0,0,225.1,0,0,0,0,0,0,0,0,0
443,Guysborough Antigonish Strait Health Authority,Male,Total,543.5,29.3,0,0,0,0,0,0,124.4,0,0,0,0,0,0,0,98.2,0,0,0.6,0,19.8,0,0,0,0,0,0,0,199.1,0,0,0,0,20.3,0,0,17.7,0,0,0,34.1,0,0,0,0,0,0,0,0,0
444,Guysborough Antigonish Strait Health Authority,Total,0 - 19,11.1,1.6,0,0,0,0,0,0,0,0,0,0,0,0,0,0,0,0,0,0,0,0,0,0,0,0,0,0,0,0,0,0,0,0,0,0,0,4.8,0,0,0,4.8,0,0,0,0,0,0,0,0,0
445,Guysborough Antigonish Strait Health Authority,Total,20 - 34,53.5,2.3,0,0,0,0,0,0,2.3,0,0,0,0,0,0,0,2.3,0,0,4.7,0,4.7,0,0,2.3,0,0,0,0,9.3,0,0,0,0,11.6,0,0,7,0,0,0,7,0,0,0,0,0,0,0,0,0
446,Guysborough Antigonish Strait Health Authority,Total,35 - 64,259.9,9.5,0,0,0,0,0,0,37.9,0,0,0,0,0,0,0,25.7,0,0,73.1,0,17.6,0,0,14.9,0,0,0,0,32.5,0,0,0,0,19,0,0,12.2,0,0,0,17.6,0,0,0,0,0,0,0,0,0
447,Guysborough Antigonish Strait Health Authority,Total,65 -74,1053.6,53.4,0,0,0,0,0,0,194.7,0,0,0,0,0,0,0,190.9,0,0,141.2,0,30.5,0,0,84,0,0,0,0,248.1,0,0,0,0,42,0,0,22.9,0,0,0,45.8,0,0,0,0,0,0,0,0,0
448,Guysborough Antigonish Strait Health Authority,Total,75 +,2437.8,83.4,0,0,0,0,0,0,611.5,0,0,0,0,0,0,0,442,0,0,211.3,0,61.2,0,0,86.2,0,0,0,0,617.1,0,0,0,0,63.9,0,0,72.3,0,0,0,189,0,0,0,0,0,0,0,0,0
449,Guysborough Antigonish Strait Health Authority,Total,Total,440.6,18.1,0,0,0,0,0,0,92.7,0,0,0,0,0,0,0,72.8,0,0,53.9,0,15.1,0,0,21.5,0,0,0,0,102,0,0,0,0,17.8,0,0,15.1,0,0,0,31.6,0,0,0,0,0,0,0,0,0
450,Cape Breton District Health Authority,Female,0 - 19,21.9,2.4,0,0,0,0,0,0,2.4,0,0,0,0,0,0,0,0,0,0,0,0,0,0,0,1.2,0,0,0,0,0,0,0,0,0,3.7,0,0,4.9,0,0,0,7.3,0,0,0,0,0,0,0,0,0
451,Cape Breton District Health Authority,Female,20 - 34,61.3,0,0,0,0,0,0,0,5.3,0,0,0,0,0,0,0,1.8,0,0,7,0,1.8,0,0,17.5,0,0,0,0,1.8,0,0,0,0,8.8,0,0,3.5,0,0,0,14,0,0,0,0,0,0,0,0,0
452,Cape Breton District Health Authority,Female,35 - 64,362.9,5.7,0,0,0,0,0,0,50.2,0,0,0,0,0,0,0,30.3,0,0,132.7,0,18,0,0,67.3,0,0,0,0,10.4,0,0,0,0,16.1,0,0,8.5,0,0,0,23.7,0,0,0,0,0,0,0,0,0
453,Cape Breton District Health Authority,Female,65 -74,931.3,31.9,0,0,0,0,0,0,146.4,0,0,0,0,0,0,0,159.7,0,0,314,0,13.3,0,0,127.7,0,0,0,0,31.9,0,0,0,0,31.9,0,0,13.3,0,0,0,61.2,0,0,0,0,0,0,0,0,0
454,Cape Breton District Health Authority,Female,75 +,1917.6,34,0,0,0,0,0,0,534,0,0,0,0,0,0,0,333.4,0,0,424,0,19.4,0,0,192.6,0,0,0,0,129.5,0,0,0,0,48.5,0,0,77.7,0,0,0,124.6,0,0,0,0,0,0,0,0,0
455,Cape Breton District Health Authority,Female,Total,401.7,8.6,0,0,0,0,0,0,82.9,0,0,0,0,0,0,0,60.6,0,0,107.2,0,8.6,0,0,55.3,0,0,0,0,19.4,0,0,0,0,15.2,0,0,13.5,0,0,0,30.6,0,0,0,0,0,0,0,0,0
456,Cape Breton District Health Authority,Male,0 - 19,23.3,0,0,0,0,0,0,0,0,0,0,0,0,0,0,0,2.3,0,0,0,0,0,0,0,0,0,0,0,0,0,0,0,0,0,4.7,0,0,8.2,0,0,0,8.2,0,0,0,0,0,0,0,0,0
457,Cape Breton District Health Authority,Male,20 - 34,48.7,1.8,0,0,0,0,0,0,3.6,0,0,0,0,0,0,0,0,0,0,0,0,1.8,0,0,0,0,0,0,0,12.6,0,0,0,0,10.8,0,0,7.2,0,0,0,10.8,0,0,0,0,0,0,0,0,0
458,Cape Breton District Health Authority,Male,35 - 64,243.6,21.8,0,0,0,0,0,0,62.4,0,0,0,0,0,0,0,28.7,0,0,0,0,14.9,0,0,0,0,0,0,0,55.4,0,0,0,0,20.8,0,0,21.8,0,0,0,17.8,0,0,0,0,0,0,0,0,0
459,Cape Breton District Health Authority,Male,65 -74,1269.9,101.7,0,0,0,0,0,0,349.1,0,0,0,0,0,0,0,283.1,0,0,5.5,0,30.2,0,0,0,0,0,0,0,346.3,0,0,0,0,41.2,0,0,38.5,0,0,0,74.2,0,0,0,0,0,0,0,0,0
460,Cape Breton District Health Authority,Male,75 +,3088.3,129.2,0,0,0,0,0,0,819.6,0,0,0,0,0,0,0,706.9,0,0,7.1,0,51.7,0,0,0,0,0,0,0,979.3,0,0,0,0,93.9,0,0,122.1,0,0,0,178.5,0,0,0,0,0,0,0,0,0
461,Cape Breton District Health Authority,Male,Total,538.3,29.2,0,0,0,0,0,0,139,0,0,0,0,0,0,0,111.8,0,0,1.2,0,12.7,0,0,0,0,0,0,0,157.6,0,0,0,0,23.6,0,0,26.4,0,0,0,36.8,0,0,0,0,0,0,0,0,0
462,Cape Breton District Health Authority,Total,0 - 19,22.6,1.2,0,0,0,0,0,0,1.2,0,0,0,0,0,0,0,1.2,0,0,0,0,0,0,0,0.6,0,0,0,0,0,0,0,0,0,4.2,0,0,6.6,0,0,0,7.7,0,0,0,0,0,0,0,0,0
463,Cape Breton District Health Authority,Total,20 - 34,55.1,0.9,0,0,0,0,0,0,4.4,0,0,0,0,0,0,0,0.9,0,0,3.6,0,1.8,0,0,8.9,0,0,0,0,7.1,0,0,0,0,9.8,0,0,5.3,0,0,0,12.4,0,0,0,0,0,0,0,0,0
464,Cape Breton District Health Authority,Total,35 - 64,304.5,13.6,0,0,0,0,0,0,56.2,0,0,0,0,0,0,0,29.5,0,0,67.8,0,16.5,0,0,34.4,0,0,0,0,32.4,0,0,0,0,18.4,0,0,15,0,0,0,20.8,0,0,0,0,0,0,0,0,0
465,Cape Breton District Health Authority,Total,65 -74,1097.9,66.3,0,0,0,0,0,0,246.1,0,0,0,0,0,0,0,220.4,0,0,162.2,0,21.6,0,0,64.9,0,0,0,0,186.6,0,0,0,0,36.5,0,0,25.7,0,0,0,67.6,0,0,0,0,0,0,0,0,0
466,Cape Breton District Health Authority,Total,75 +,2395.2,72.8,0,0,0,0,0,0,650.5,0,0,0,0,0,0,0,485.7,0,0,253.9,0,32.6,0,0,114,0,0,0,0,476.2,0,0,0,0,67.1,0,0,95.8,0,0,0,146.6,0,0,0,0,0,0,0,0,0
467,Cape Breton District Health Authority,Total,Total,456.8,18,0,0,0,0,0,0,107.1,0,0,0,0,0,0,0,82.5,0,0,58.8,0,10.2,0,0,29.8,0,0,0,0,79.3,0,0,0,0,19,0,0,19.2,0,0,0,32.8,0,0,0,0,0,0,0,0,0
468,Capital Health,Female,0 - 19,16.8,0.9,0,0,0,0,0,0,0,0,0,0,0,0,0,0,0.4,0,0,0,0,0.4,0,0,0.4,0,0,0,0,0.9,0,0,0,0,2.6,0,0,4.7,0,0,0,6.5,0,0,0,0,0,0,0,0,0
469,Capital Health,Female,20 - 34,68.7,0,0,0,0,0,0,0,2.6,0,0,0,0,0,0,0,0.9,0,0,7.9,0,9.7,0,0,19,0,0,0,0,0.9,0,0,0,0,9.3,0,0,4,0,0,0,14.5,0,0,0,0,0,0,0,0,0
470,Capital Health,Female,35 - 64,354.4,3.1,0,0,0,0,0,0,35.4,0,0,0,0,0,0,0,25.2,0,0,142.3,0,32.6,0,0,56.5,0,0,0,0,11.5,0,0,0,0,12.4,0,0,6.8,0,0,0,28.6,0,0,0,0,0,0,0,0,0
471,Capital Health,Female,65 -74,971.1,25.8,0,0,0,0,0,0,185.4,0,0,0,0,0,0,0,161.8,0,0,295.6,0,45,0,0,106.8,0,0,0,0,39.3,0,0,0,0,34.8,0,0,18,0,0,0,58.4,0,0,0,0,0,0,0,0,0
472,Capital Health,Female,75 +,1808.4,31.9,0,0,0,0,0,0,500.4,0,0,0,0,0,0,0,300.9,0,0,429.4,0,56.7,0,0,139.7,0,0,0,0,99.8,0,0,0,0,56.7,0,0,71,0,0,0,122.1,0,0,0,0,0,0,0,0,0
473,Capital Health,Female,Total,398.2,6.9,0,0,0,0,0,0,78.8,0,0,0,0,0,0,0,55.6,0,0,112.2,0,21.7,0,0,44.8,0,0,0,0,17.9,0,0,0,0,15.6,0,0,13.2,0,0,0,31.4,0,0,0,0,0,0,0,0,0
474,Capital Health,Male,0 - 19,17.4,0,0,0,0,0,0,0,0,0,0,0,0,0,0,0,0,0,0,0,0,0,0,0,0,0,0,0,0,1.7,0,0,0,0,5,0,0,4.6,0,0,0,6.2,0,0,0,0,0,0,0,0,0
475,Capital Health,Male,20 - 34,40.9,0.5,0,0,0,0,0,0,5.1,0,0,0,0,0,0,0,1.4,0,0,0,0,4.6,0,0,0,0,0,0,0,16.6,0,0,0,0,3.7,0,0,2.3,0,0,0,6.9,0,0,0,0,0,0,0,0,0
476,Capital Health,Male,35 - 64,231.9,16.3,0,0,0,0,0,0,52.4,0,0,0,0,0,0,0,29.7,0,0,0.6,0,15,0,0,0,0,0,0,0,68.1,0,0,0,0,20.1,0,0,11.2,0,0,0,18.2,0,0,0,0,0,0,0,0,0
477,Capital Health,Male,65 -74,1273.5,58.8,0,0,0,0,0,0,250.5,0,0,0,0,0,0,0,196.4,0,0,7.1,0,58.8,0,0,0,0,0,0,0,540.9,0,0,0,0,57.6,0,0,36.5,0,0,0,67,0,0,0,0,0,0,0,0,0
478,Capital Health,Male,75 +,3094.4,107.4,0,0,0,0,0,0,754.9,0,0,0,0,0,0,0,561.4,0,0,4.5,0,102.9,0,0,0,0,0,0,0,1184.3,0,0,0,0,93.9,0,0,98.4,0,0,0,186.8,0,0,0,0,0,0,0,0,0
479,Capital Health,Male,Total,541.5,21.6,0,0,0,0,0,0,123.6,0,0,0,0,0,0,0,89.8,0,0,1.3,0,22.3,0,0,0,0,0,0,0,204.7,0,0,0,0,23.2,0,0,19.5,0,0,0,35.6,0,0,0,0,0,0,0,0,0
480,Capital Health,Total,0 - 19,17.1,0.4,0,0,0,0,0,0,0,0,0,0,0,0,0,0,0.2,0,0,0,0,0.2,0,0,0.2,0,0,0,0,1.3,0,0,0,0,3.8,0,0,4.6,0,0,0,6.3,0,0,0,0,0,0,0,0,0
481,Capital Health,Total,20 - 34,55.1,0.2,0,0,0,0,0,0,3.8,0,0,0,0,0,0,0,1.1,0,0,4.1,0,7.2,0,0,9.7,0,0,0,0,8.6,0,0,0,0,6.5,0,0,3.2,0,0,0,10.8,0,0,0,0,0,0,0,0,0
482,Capital Health,Total,35 - 64,294,9.6,0,0,0,0,0,0,43.8,0,0,0,0,0,0,0,27.4,0,0,72.5,0,24,0,0,28.7,0,0,0,0,39.4,0,0,0,0,16.2,0,0,9,0,0,0,23.5,0,0,0,0,0,0,0,0,0
483,Capital Health,Total,65 -74,1118.9,42,0,0,0,0,0,0,217.2,0,0,0,0,0,0,0,178.7,0,0,154.6,0,51.7,0,0,54.6,0,0,0,0,284.5,0,0,0,0,46,0,0,27,0,0,0,62.6,0,0,0,0,0,0,0,0,0
484,Capital Health,Total,75 +,2343.9,63.3,0,0,0,0,0,0,606.4,0,0,0,0,0,0,0,409.4,0,0,252.4,0,75.9,0,0,81.5,0,0,0,0,551.4,0,0,0,0,72.2,0,0,82.4,0,0,0,149,0,0,0,0,0,0,0,0,0
485,Capital Health,Total,Total,456.5,13.6,0,0,0,0,0,0,98.1,0,0,0,0,0,0,0,69.7,0,0,61.2,0,21.4,0,0,23.9,0,0,0,0,100.9,0,0,0,0,19.1,0,0,15.9,0,0,0,32.8,0,0,0,0,0,0,0,0,0
486,Nova Scotia,Female,0 - 19,16,0.9,0,0,0.5,0.2,0.2,0,0.7,0,0,0,0,0.5,0,0.2,0.2,0.2,0,0,0,0.4,0,0,0.5,0,0,0.5,0,0.5,0,0,0,0.5,2.9,0.5,2.3,4.1,0,3.9,0.2,5.9,0.2,2.7,0.5,0.5,0.4,1.4,0.2,0,0
487,Nova Scotia,Female,20 - 34,63.4,0,0,0,0,0,0,0,2.8,0,0,0,2.2,0,0.4,0.2,0.9,0.9,0,7.8,0,7.3,0,0,17.7,13.6,0.9,3,0.2,0.9,0,0,0.2,0.6,8,3.7,4.3,3.5,0.4,2.8,0.2,14.7,0.2,2.6,0,9.7,0.2,1.1,0.4,0.4,0
488,Nova Scotia,Female,35 - 64,349.8,5.7,0.8,0.8,1.6,1.6,0.3,0.7,37.9,1.2,3.1,0.5,27.4,0.9,4,0.8,28.3,28,0.3,135.7,0,27.5,0,0,53.4,21.4,15.3,13.1,3.6,11.5,0,0,2.8,8.7,14.4,12.8,1.6,9.3,1.9,6.3,1.2,26,0.1,3.7,0.3,12.4,0.4,2.3,1.1,5.7,0
489,Nova Scotia,Female,65 -74,931.8,25.2,3.4,2.1,8.4,4.2,1.7,5.5,155.7,4.6,9.7,3.8,112.5,5.5,17.2,2.5,149.4,147.7,1.7,307.7,0,31.5,0,0,117.5,11.8,66.7,34,5,36.5,0,0,12.2,24.3,33.6,31.5,2.1,23.1,7.6,11.3,4.2,51.6,1.3,6.7,0,12.2,0.4,2.9,3.8,24.3,0
490,Nova Scotia,Female,75 +,1778.6,28.5,6.3,4.4,10.1,4.1,1.1,2.7,483.6,9.2,32.1,5.7,346.2,31,56.2,3.3,292.9,291,1.9,404.9,0,43.5,0,0,156,14.9,78,49.5,13.6,106.8,0,0,44.8,62,59,56.5,2.5,73.9,24.2,37,12.8,129.6,2.2,19,1.4,9,0.3,4.9,7.1,85.9,0
491,Nova Scotia,Female,Total,384.9,7,1.2,0.9,2.3,1.3,0.4,1,74.3,1.6,4.9,1.2,53.2,4.2,8.4,0.9,54,53.5,0.5,107.3,0,16.8,0,0,46.4,12.2,18.6,12.8,2.8,18.2,0,0,6.7,11.5,16.1,13.5,2.6,14.2,3.9,8.3,2.1,30.6,0.5,5.1,0.4,8.2,0.3,2,1.5,12.6,0
492,Nova Scotia,Male,0 - 19,17.7,0.2,0,0,0.2,0,0,0,0,0,0,0,0,0,0,0,0.3,0,0.3,0,0,0.3,0,0,0,0,0,0,0,1.5,0.3,0,0.2,1,3.8,2.1,1.7,4.8,0,4.6,0.2,6.8,0.5,3.2,0.3,0,0.5,2.1,0.2,0,0
493,Nova Scotia,Male,20 - 34,45.4,0.7,0.4,0.2,0,0,0,0,3.7,0.4,0.4,0,2.2,0.2,0,0.4,1.5,1.1,0.4,0.2,0,5.5,0,0,0,0,0,0,0,15.3,13.2,0,0.2,2,7.5,4.2,3.3,2.9,0.2,2.2,0.4,8.1,0,2.6,0.2,1.8,0,2.2,1.1,0.2,0
494,Nova Scotia,Male,35 - 64,243,17,3.3,3.3,2.3,6.1,0.3,1.8,52.5,3.8,5.4,2.2,34.2,2.3,4.1,0.5,31.7,31.1,0.7,1,0,18.4,0,0,0,0,0,0,0,65.1,7.1,1.1,10,15.3,22.4,18.7,3.7,13.2,4.1,8,1.1,21.7,0.1,7.1,0.3,3.3,0.1,2.4,1.4,7.1,31.6
495,Nova Scotia,Male,65 -74,1231.1,68.8,9.5,9.9,8.6,19.8,1.3,19.8,264.9,22.4,27.1,3.4,176.7,8.6,25.8,0.9,221,215,6,4.3,0,46.9,0,0,0,0,0,0,0,469.1,1.3,2.6,51.2,50.7,51.2,49.5,1.7,33.5,9.9,18.5,5.2,71.4,2.2,16.3,0,5.6,0.4,6,4.3,36.6,363.4
496,Nova Scotia,Male,75 +,3031.2,109.8,19.3,9.6,20.8,20.8,4.5,34.9,719.7,43,76.4,10,483.1,34.1,70.4,2.6,601.8,590.7,11.1,3.7,0,79.3,0,0,0,0,0,0,0,1135.7,1.1,7,178.3,93.1,91.2,88.2,3,111.2,31.1,60.8,19.3,178.7,4.8,28.2,0.4,6.7,0.7,11.5,14.1,112.3,856.2
497,Nova Scotia,Male,Total,529.2,22.9,4,2.8,3.7,5.6,0.7,6.1,118.6,7.9,12.5,2,79.2,5.2,11.3,0.6,96,93.7,2.2,1.1,0,19.4,0,0,0,0,0,0,0,190.7,5.8,1.3,27.2,19.5,23.4,20.7,2.7,20.9,5.5,12.4,3.1,36.2,0.9,8.1,0.3,2.6,0.3,3.6,2.7,17.8,136.8
498,Nova Scotia,Total,0 - 19,16.9,0.5,0,0,0.3,0.1,0.1,0,0.3,0,0,0,0,0.3,0,0.1,0.3,0.1,0.2,0,0,0.3,0,0,0.3,0,0,0.3,0,1.1,0.2,0,0.1,0.8,3.3,1.3,2,4.5,0,4.3,0.2,6.4,0.3,3,0.4,0.3,0.4,1.7,0.2,0,0
499,Nova Scotia,Total,20 - 34,54.5,0.3,0.2,0.1,0,0,0,0,3.3,0.2,0.2,0,2.2,0.1,0.2,0.3,1.2,1,0.2,4,0,6.4,0,0,8.9,6.9,0.4,1.5,0.1,8.1,6.5,0,0.2,1.3,7.7,3.9,3.8,3.2,0.3,2.5,0.3,11.4,0.1,2.6,0.1,5.8,0.1,1.6,0.8,0.3,0
500,Nova Scotia,Total,35 - 64,296.8,11.3,2,2,2,3.8,0.3,1.2,45.1,2.5,4.2,1.4,30.7,1.6,4,0.7,30,29.5,0.5,68.9,0,23,0,0,26.9,10.8,7.7,6.6,1.8,38.1,3.5,0.5,6.4,12,18.4,15.7,2.6,11.2,3,7.1,1.1,23.9,0.1,5.4,0.3,7.9,0.3,2.4,1.2,6.4,15.7
501,Nova Scotia,Total,65 -74,1079.7,46.7,6.4,6,8.5,11.9,1.5,12.5,209.6,13.4,18.3,3.6,144.2,7,21.5,1.7,184.8,181,3.8,157.8,0,39.1,0,0,59.5,6,33.8,17.2,2.6,250.2,0.6,1.3,31.4,37.4,42.3,40.4,1.9,28.3,8.7,14.9,4.7,61.4,1.7,11.5,0,8.9,0.4,4.5,4,30.4,179.5
502,Nova Scotia,Total,75 +,2308.3,62.9,11.8,6.6,14.6,11.1,2.5,16.3,583.5,23.5,50.8,7.5,404.1,32.3,62.3,3,423.5,417.7,5.8,235.2,0,58.6,0,0,90,8.6,45,28.5,7.8,541.9,0.5,3,101.3,75.1,72.6,69.9,2.7,89.7,27.1,47,15.5,150.4,3.3,22.9,0.9,8,0.5,7.7,10,97.1,362.1
503,Nova Scotia,Total,Total,445.3,14.3,2.4,1.8,2.9,3.3,0.5,3.3,93.8,4.4,8.3,1.5,64.6,4.6,9.7,0.8,72.2,70.9,1.3,57.8,0,17.7,0,0,24.5,6.3,10,6.8,1.5,95.7,2.9,0.6,15.6,15.3,19.4,16.8,2.7,17.1,4.5,10,2.5,32.8,0.7,6.6,0.3,5.4,0.3,2.7,2,14.8,61.4